,base/partner_window.app,base/staffmaint.app,rcpt/cr_batches.app,rcpt/de_batches.app,rcpt/gift_import.app,crm/index.app,rcpt/gift_history.app,rcpt/gift_entry.app,rcpt/cc_admin_fee.app,base/new_partner.app,rcpt/fund_gift_list.app,rcpt/receipt_types.app,rcpt/donor_report_test.app,base/mlist_maint.app,rcpt/donation_detail.app,rcpt/gift_import_report.app,rcpt/gift_entry_new.app,rcpt/admin_fees.app,base/email_reports.app,base/requests.app,base/prefs.app,base/mailing_report_test.app,lightsys/conv_pay.app,payroll/runpayroll.app,payroll/pay_form.app,/lightsys/Checks.app,/lightsys/Liabilities.app,rcpt/deposit_summary.app,lightsys/conv_disb.app,disb/cd_batches.app,disb/disbursements.app,/lightsys/Payroll.app,rcpt/donation_summary.app,gl/batches.app,rcpt/manual_trx_fee.app,/lightsys/Address2.app,disb/disbursements_detail.app,disb/cashdisb.app,payroll/payroll_register.app,payroll/paystubs.app,payroll/payroll_reg.app,gl/liabilities.app,disb/disbursements_payees.app,disb/disbursements_matrix.app,gl/balance_sheet.app,gl/fund_balance.app,gl/journal_entry.app,gl/acctmaint.app,gl/coarpt.app,payroll/financial_statement.app,gl/transaction_report.app,gl/periodmaint.app,gl/new_post_batch.app,payroll/item_types.app,base/subscription.app,gl/inc_exp_fund_matrix.app,gl/transaction_research.app,rcpt/annual_statement.app,gl/trial_balance.app,base/mlists.app,base/labels.app,base/af_maint.app,gl/fundmgr_report.app,gl/period_comparison.app,gl/coamaint.app,base/Help.app,rcpt/gift_types.app,gl/inc_exp_matrix.app,disb/disbursements_summary.app,rcpt/admin_fee_summary.app,payroll/payees.app,gl/fundmaint.app,base/country_maint.app,gl/net_assets_change.app,rcpt/admin_types.app,base/partner_search.app,base/email_reports_new.app,base/new_subs.app,base/dup_check.app,system/security_policy.app,system/config.app,system/TableMaintenance.app,/lightsys/Receipting.app,rcpt/gift_matrix.app,rcpt/monthly_gift_list.app,base/map.app,rcpt/pledges.app,lightsys/fund_settlement.app,mportal/manage.app,payroll/tax_table.app,base/edit_table.app,task/dashboard.app,gl/inc_exp_balance.app,system/security_permissions.app,/lightsys/TableMaintenance.app,payroll/pay_detail_by_payee.app,system/scanner_types.app,base/data_qa.app,gl/trial_balance_ctl.app,payroll/pay_detail.app,crm/profile.app,system/motd_edit.app
empty,0.15384615384615385,0.0,0.23076923076923078,0.0,0.07692307692307693,0.15384615384615385,0.0,0.0,0.0,0.0,0.0,0.0,0.0,0.0,0.0,0.0,0.0,0.0,0.0,0.07692307692307693,0.0,0.0,0.07692307692307693,0.0,0.0,0.0,0.07692307692307693,0.0,0.0,0.0,0.0,0.0,0.0,0.07692307692307693,0.0,0.0,0.0,0.0,0.0,0.0,0.0,0.0,0.0,0.0,0.0,0.0,0.0,0.0,0.0,0.0,0.0,0.0,0.0,0.0,0.0,0.0,0.0,0.0,0.0,0.0,0.0,0.0,0.0,0.0,0.0,0.07692307692307693,0.0,0.0,0.0,0.0,0.0,0.0,0.0,0.0,0.0,0.0,0.0,0.0,0.0,0.0,0.0,0.0,0.0,0.0,0.0,0.0,0.0,0.0,0.0,0.0,0.0,0.0,0.0,0.0,0.0,0.0,0.0,0.0,0.0,0.0,0.0,0.0
base/partner_window.app,0.0,0.006965174129353234,0.15422885572139303,0.010945273631840797,0.06865671641791045,0.07164179104477612,0.01791044776119403,0.2228855721393035,0.0,0.0945273631840796,0.003980099502487562,0.0009950248756218905,0.005970149253731343,0.04079601990049751,0.0,0.0009950248756218905,0.0029850746268656717,0.0009950248756218905,0.003980099502487562,0.007960199004975124,0.001990049751243781,0.004975124378109453,0.0,0.01890547263681592,0.001990049751243781,0.0029850746268656717,0.0009950248756218905,0.0,0.0,0.08955223880597014,0.0029850746268656717,0.0,0.0,0.024875621890547265,0.0,0.001990049751243781,0.0,0.0009950248756218905,0.0009950248756218905,0.003980099502487562,0.003980099502487562,0.004975124378109453,0.0,0.0,0.0,0.001990049751243781,0.0009950248756218905,0.0,0.001990049751243781,0.0,0.0009950248756218905,0.001990049751243781,0.0,0.0,0.020895522388059702,0.0009950248756218905,0.0009950248756218905,0.003980099502487562,0.0009950248756218905,0.0029850746268656717,0.003980099502487562,0.0009950248756218905,0.0,0.0,0.0029850746268656717,0.0029850746268656717,0.0009950248756218905,0.0,0.0,0.0,0.001990049751243781,0.0,0.0,0.0,0.0,0.0,0.001990049751243781,0.0009950248756218905,0.003980099502487562,0.0029850746268656717,0.0009950248756218905,0.015920398009950248,0.0009950248756218905,0.0,0.0,0.0009950248756218905,0.0029850746268656717,0.0,0.003980099502487562,0.0,0.0009950248756218905,0.0,0.0,0.0,0.0,0.0,0.0,0.027860696517412936,0.0,0.0,0.0,0.0
base/staffmaint.app,0.1875,0.0,0.09375,0.0,0.03125,0.03125,0.0,0.0,0.0,0.0,0.0625,0.0,0.0,0.03125,0.0,0.03125,0.0,0.0,0.0,0.0,0.0,0.0,0.0,0.03125,0.0,0.0,0.0,0.0,0.0,0.03125,0.0,0.0,0.0,0.0,0.0,0.0,0.0,0.0,0.0,0.0,0.0,0.0,0.0,0.0,0.0,0.0,0.0,0.0,0.0,0.03125,0.03125,0.0,0.0,0.0,0.0,0.0,0.0,0.0,0.0,0.0,0.0,0.0,0.03125,0.0,0.03125,0.0,0.0,0.03125,0.0,0.0,0.0,0.0,0.0,0.0,0.0,0.0,0.0,0.0,0.0,0.09375,0.0,0.125,0.0,0.0,0.0,0.0,0.0,0.0,0.03125,0.0,0.0,0.0,0.0,0.0,0.0,0.0,0.0,0.0625,0.0,0.0,0.0,0.0
rcpt/cr_batches.app,0.06204583566238122,0.0005589714924538849,0.0,0.18278367803242035,0.1257685858021241,0.015651201788708775,0.01956400223588597,0.38177752934600334,0.0,0.0022358859698155395,0.0016769144773616546,0.004471771939631079,0.006707657909446618,0.004471771939631079,0.003353828954723309,0.0016769144773616546,0.06036892118501956,0.0005589714924538849,0.0005589714924538849,0.006707657909446618,0.0011179429849077697,0.0005589714924538849,0.0,0.008943543879262158,0.0,0.0011179429849077697,0.0,0.003353828954723309,0.0,0.02068194522079374,0.0011179429849077697,0.0011179429849077697,0.0011179429849077697,0.024594745667970933,0.0005589714924538849,0.0,0.0011179429849077697,0.0,0.0,0.0005589714924538849,0.0005589714924538849,0.0016769144773616546,0.0011179429849077697,0.0005589714924538849,0.0,0.0005589714924538849,0.0,0.0005589714924538849,0.0,0.0,0.0005589714924538849,0.005030743432084964,0.0,0.0,0.0,0.0,0.0022358859698155395,0.0011179429849077697,0.0011179429849077697,0.0005589714924538849,0.0,0.0011179429849077697,0.0,0.0,0.0016769144773616546,0.0,0.0,0.0016769144773616546,0.0,0.0011179429849077697,0.0,0.0,0.0,0.0,0.0,0.0,0.0005589714924538849,0.0,0.0,0.004471771939631079,0.005030743432084964,0.010061486864169928,0.0,0.0005589714924538849,0.0005589714924538849,0.0011179429849077697,0.005030743432084964,0.0,0.0011179429849077697,0.0005589714924538849,0.0,0.0,0.0,0.0,0.0005589714924538849,0.0,0.0,0.0022358859698155395,0.0,0.0,0.0,0.0
rcpt/de_batches.app,0.03265940902021773,0.0,0.5147744945567652,0.0,0.1057542768273717,0.017107309486780714,0.00933125972006221,0.02177293934681182,0.0,0.0015552099533437014,0.004665629860031105,0.003110419906687403,0.01088646967340591,0.003110419906687403,0.003110419906687403,0.006220839813374806,0.003110419906687403,0.006220839813374806,0.0,0.0,0.0,0.0,0.0,0.00933125972006221,0.0,0.0015552099533437014,0.0,0.02332814930015552,0.0,0.07153965785381027,0.0,0.0,0.0015552099533437014,0.06998444790046657,0.0,0.0,0.0,0.0,0.0,0.004665629860031105,0.0015552099533437014,0.00933125972006221,0.0,0.0,0.0,0.0015552099533437014,0.0015552099533437014,0.003110419906687403,0.0,0.0,0.0015552099533437014,0.006220839813374806,0.0,0.0,0.0,0.0,0.004665629860031105,0.0015552099533437014,0.0015552099533437014,0.0,0.0,0.0,0.0,0.0,0.0015552099533437014,0.0,0.006220839813374806,0.0,0.0,0.0,0.0,0.0,0.0,0.0,0.0,0.0,0.0,0.0015552099533437014,0.0,0.003110419906687403,0.0015552099533437014,0.02332814930015552,0.0,0.0,0.0,0.0,0.0015552099533437014,0.0,0.0015552099533437014,0.0,0.0,0.0,0.0015552099533437014,0.0,0.0,0.0,0.0,0.0,0.0,0.0,0.0,0.0
rcpt/gift_import.app,0.10645933014354067,0.0011961722488038277,0.4150717703349282,0.03588516746411483,0.0,0.02631578947368421,0.01674641148325359,0.013157894736842105,0.0,0.12679425837320574,0.005980861244019139,0.0011961722488038277,0.02033492822966507,0.0,0.0,0.014354066985645933,0.01076555023923445,0.0035885167464114833,0.0,0.0,0.0,0.0,0.0,0.01555023923444976,0.0,0.0,0.0,0.0011961722488038277,0.0,0.014354066985645933,0.0011961722488038277,0.0011961722488038277,0.0011961722488038277,0.023923444976076555,0.0035885167464114833,0.0,0.0,0.0011961722488038277,0.0,0.0,0.004784688995215311,0.0,0.0,0.0,0.0011961722488038277,0.0011961722488038277,0.0023923444976076554,0.0035885167464114833,0.0,0.0,0.0035885167464114833,0.004784688995215311,0.0,0.0,0.0,0.0011961722488038277,0.0023923444976076554,0.0,0.005980861244019139,0.0,0.0,0.0011961722488038277,0.0,0.0,0.004784688995215311,0.0,0.0035885167464114833,0.004784688995215311,0.0,0.0023923444976076554,0.0011961722488038277,0.0011961722488038277,0.0,0.0,0.0011961722488038277,0.0,0.0011961722488038277,0.0,0.0,0.009569377990430622,0.01674641148325359,0.03229665071770335,0.0,0.0,0.0,0.0011961722488038277,0.004784688995215311,0.0011961722488038277,0.0023923444976076554,0.0,0.0,0.0,0.0023923444976076554,0.0,0.0,0.0,0.0,0.01555023923444976,0.0,0.0,0.0,0.0
crm/index.app,0.17897727272727273,0.002840909090909091,0.16761363636363635,0.014204545454545454,0.07102272727272728,0.0,0.014204545454545454,0.005681818181818182,0.0,0.10795454545454546,0.014204545454545454,0.0,0.011363636363636364,0.05965909090909091,0.0,0.0,0.036931818181818184,0.0,0.002840909090909091,0.002840909090909091,0.014204545454545454,0.011363636363636364,0.0,0.019886363636363636,0.0,0.005681818181818182,0.0,0.0,0.0,0.022727272727272728,0.0,0.005681818181818182,0.0,0.02556818181818182,0.002840909090909091,0.0,0.002840909090909091,0.0,0.002840909090909091,0.0,0.002840909090909091,0.002840909090909091,0.005681818181818182,0.0,0.0,0.0,0.0,0.002840909090909091,0.0,0.0,0.0,0.014204545454545454,0.0,0.0,0.008522727272727272,0.0,0.005681818181818182,0.005681818181818182,0.0,0.008522727272727272,0.0,0.0,0.0,0.0,0.014204545454545454,0.0,0.0,0.005681818181818182,0.0,0.0,0.0,0.005681818181818182,0.0,0.0,0.0,0.002840909090909091,0.002840909090909091,0.002840909090909091,0.0,0.017045454545454544,0.008522727272727272,0.05397727272727273,0.0,0.002840909090909091,0.0,0.0,0.005681818181818182,0.002840909090909091,0.011363636363636364,0.0,0.0,0.0,0.0,0.0,0.0,0.0,0.0,0.002840909090909091,0.0,0.0,0.0,0.0
rcpt/gift_history.app,0.11949685534591195,0.006289308176100629,0.27672955974842767,0.05660377358490566,0.1069182389937107,0.025157232704402517,0.0,0.09433962264150944,0.006289308176100629,0.07547169811320754,0.006289308176100629,0.006289308176100629,0.0440251572327044,0.006289308176100629,0.0,0.0,0.0,0.0,0.0,0.006289308176100629,0.0,0.0,0.0,0.006289308176100629,0.0,0.0,0.0,0.0,0.0,0.025157232704402517,0.0,0.0,0.006289308176100629,0.018867924528301886,0.0,0.0,0.006289308176100629,0.0,0.0,0.0,0.0,0.0,0.0,0.0,0.0,0.006289308176100629,0.0,0.0,0.0,0.0,0.0,0.006289308176100629,0.0,0.0,0.0,0.0,0.012578616352201259,0.0,0.0,0.0,0.0,0.0,0.0,0.0,0.0,0.0,0.012578616352201259,0.006289308176100629,0.0,0.0,0.0,0.006289308176100629,0.0,0.0,0.0,0.0,0.006289308176100629,0.0,0.0,0.012578616352201259,0.006289308176100629,0.012578616352201259,0.0,0.0,0.0,0.0,0.0,0.0,0.012578616352201259,0.0,0.0,0.0,0.0,0.0,0.0,0.0,0.0,0.0,0.0,0.0,0.0,0.0
rcpt/gift_entry.app,0.15323294951284322,0.002657218777679362,0.28255093002657217,0.08768821966341896,0.08768821966341896,0.01682905225863596,0.029229406554472984,0.0,0.0,0.05491585473870682,0.005314437555358724,0.0008857395925597874,0.01771479185119575,0.0008857395925597874,0.002657218777679362,0.002657218777679362,0.0044286979627989375,0.0,0.0,0.01682905225863596,0.0,0.001771479185119575,0.0,0.0070859167404783,0.0,0.0,0.0,0.00354295837023915,0.0,0.03720106288751107,0.00354295837023915,0.0,0.0008857395925597874,0.042515500442869794,0.0008857395925597874,0.0,0.0,0.0,0.0,0.0,0.002657218777679362,0.001771479185119575,0.0008857395925597874,0.0,0.0008857395925597874,0.00354295837023915,0.012400354295837024,0.001771479185119575,0.0008857395925597874,0.0,0.002657218777679362,0.005314437555358724,0.0008857395925597874,0.0,0.0,0.0,0.00354295837023915,0.001771479185119575,0.006200177147918512,0.0,0.0,0.0,0.0,0.0008857395925597874,0.0044286979627989375,0.0,0.00354295837023915,0.002657218777679362,0.0,0.0,0.0008857395925597874,0.0,0.0,0.0,0.0008857395925597874,0.0,0.0,0.0008857395925597874,0.0,0.001771479185119575,0.0283436669619132,0.03100088573959256,0.0,0.0,0.0,0.0008857395925597874,0.00354295837023915,0.001771479185119575,0.0008857395925597874,0.0,0.0008857395925597874,0.0,0.0,0.0,0.0,0.0,0.0044286979627989375,0.002657218777679362,0.0008857395925597874,0.0,0.0,0.0
rcpt/cc_admin_fee.app,0.0,0.0,0.0,0.0,0.0,0.0,0.0,0.5,0.0,0.0,0.0,0.0,0.0,0.0,0.0,0.0,0.0,0.0,0.0,0.0,0.0,0.0,0.0,0.0,0.0,0.0,0.0,0.0,0.0,0.0,0.0,0.0,0.0,0.0,0.0,0.0,0.0,0.0,0.0,0.0,0.0,0.0,0.0,0.0,0.0,0.0,0.0,0.0,0.0,0.0,0.0,0.0,0.0,0.0,0.0,0.0,0.0,0.0,0.0,0.0,0.0,0.0,0.0,0.0,0.0,0.0,0.0,0.0,0.0,0.0,0.0,0.0,0.0,0.0,0.5,0.0,0.0,0.0,0.0,0.0,0.0,0.0,0.0,0.0,0.0,0.0,0.0,0.0,0.0,0.0,0.0,0.0,0.0,0.0,0.0,0.0,0.0,0.0,0.0,0.0,0.0,0.0
base/new_partner.app,0.35014005602240894,0.011204481792717087,0.2857142857142857,0.01680672268907563,0.03361344537815126,0.07282913165266107,0.028011204481792718,0.047619047619047616,0.0,0.0,0.008403361344537815,0.0,0.0,0.0196078431372549,0.0,0.0,0.008403361344537815,0.0028011204481792717,0.0,0.0,0.0,0.0,0.0,0.0028011204481792717,0.0,0.0028011204481792717,0.0,0.0,0.0,0.0392156862745098,0.008403361344537815,0.0,0.0,0.0028011204481792717,0.0,0.0,0.0,0.0,0.0028011204481792717,0.0,0.0,0.0028011204481792717,0.0,0.0,0.0,0.0,0.0,0.0028011204481792717,0.0,0.0,0.0,0.0056022408963585435,0.0,0.0,0.0028011204481792717,0.0,0.0,0.0,0.0028011204481792717,0.0,0.0,0.0,0.0,0.0,0.0056022408963585435,0.0,0.0,0.0,0.0,0.0028011204481792717,0.0028011204481792717,0.0028011204481792717,0.0,0.0,0.0,0.0,0.0,0.0028011204481792717,0.0,0.0056022408963585435,0.0,0.0056022408963585435,0.0,0.0028011204481792717,0.0,0.0,0.008403361344537815,0.0,0.0,0.0,0.0,0.0,0.0,0.0,0.0,0.0,0.0,0.0,0.0,0.0,0.0,0.0
rcpt/fund_gift_list.app,0.15789473684210525,0.0,0.19298245614035087,0.07017543859649122,0.08771929824561403,0.15789473684210525,0.017543859649122806,0.0,0.0,0.0,0.0,0.0,0.05263157894736842,0.017543859649122806,0.03508771929824561,0.0,0.0,0.017543859649122806,0.0,0.017543859649122806,0.0,0.017543859649122806,0.0,0.0,0.0,0.0,0.0,0.0,0.0,0.03508771929824561,0.0,0.0,0.03508771929824561,0.0,0.0,0.0,0.0,0.0,0.0,0.0,0.0,0.017543859649122806,0.0,0.0,0.0,0.0,0.0,0.0,0.0,0.0,0.0,0.0,0.0,0.0,0.0,0.017543859649122806,0.0,0.0,0.017543859649122806,0.0,0.0,0.0,0.0,0.0,0.0,0.0,0.0,0.0,0.0,0.0,0.017543859649122806,0.0,0.0,0.0,0.0,0.0,0.0,0.0,0.0,0.0,0.0,0.017543859649122806,0.0,0.0,0.0,0.0,0.0,0.0,0.0,0.0,0.0,0.0,0.0,0.0,0.0,0.0,0.0,0.0,0.0,0.0,0.0,0.0
rcpt/receipt_types.app,0.0,0.0,0.5,0.13333333333333333,0.0,0.0,0.0,0.0,0.0,0.0,0.0,0.0,0.0,0.0,0.0,0.0,0.0,0.0,0.0,0.03333333333333333,0.0,0.0,0.0,0.0,0.0,0.0,0.0,0.06666666666666667,0.0,0.0,0.0,0.0,0.0,0.03333333333333333,0.0,0.0,0.0,0.0,0.0,0.0,0.0,0.0,0.0,0.0,0.0,0.0,0.0,0.0,0.0,0.0,0.0,0.0,0.0,0.0,0.0,0.0,0.0,0.03333333333333333,0.0,0.0,0.0,0.0,0.0,0.0,0.0,0.03333333333333333,0.1,0.0,0.0,0.0,0.0,0.0,0.0,0.0,0.0,0.0,0.0,0.0,0.0,0.0,0.0,0.03333333333333333,0.0,0.0,0.0,0.0,0.03333333333333333,0.0,0.0,0.0,0.0,0.0,0.0,0.0,0.0,0.0,0.0,0.0,0.0,0.0,0.0,0.0
rcpt/donor_report_test.app,0.06015037593984962,0.0,0.15037593984962405,0.03007518796992481,0.21804511278195488,0.03007518796992481,0.045112781954887216,0.0,0.0,0.0,0.09774436090225563,0.0,0.0,0.007518796992481203,0.06015037593984962,0.007518796992481203,0.0,0.0,0.007518796992481203,0.007518796992481203,0.0,0.03759398496240601,0.0,0.0,0.0,0.007518796992481203,0.0,0.0,0.0,0.007518796992481203,0.0,0.007518796992481203,0.03759398496240601,0.015037593984962405,0.0,0.0,0.0,0.0,0.0,0.0,0.0,0.0,0.0,0.015037593984962405,0.0,0.015037593984962405,0.0,0.0,0.0,0.0,0.0,0.0,0.0,0.0,0.0,0.0,0.015037593984962405,0.015037593984962405,0.0,0.0,0.007518796992481203,0.0,0.0,0.0,0.015037593984962405,0.0,0.015037593984962405,0.015037593984962405,0.0,0.0,0.0,0.0,0.0,0.0,0.0,0.0,0.0,0.0,0.0,0.0,0.0,0.03007518796992481,0.0,0.0,0.0,0.0,0.007518796992481203,0.0,0.0,0.0,0.0,0.0,0.015037593984962405,0.0,0.0,0.0,0.0,0.0,0.0,0.0,0.0,0.0
base/mlist_maint.app,0.3146853146853147,0.0,0.013986013986013986,0.013986013986013986,0.013986013986013986,0.09090909090909091,0.006993006993006993,0.0,0.0,0.027972027972027972,0.0,0.0,0.0,0.0,0.0,0.0,0.0,0.0,0.0,0.0,0.0,0.06993006993006994,0.0,0.006993006993006993,0.0,0.0,0.0,0.0,0.0,0.04895104895104895,0.0,0.0,0.0,0.0,0.0,0.0,0.0,0.0,0.0,0.0,0.0,0.0,0.0,0.0,0.0,0.0,0.0,0.0,0.0,0.0,0.006993006993006993,0.006993006993006993,0.0,0.0,0.22377622377622378,0.0,0.006993006993006993,0.0,0.0,0.0,0.04895104895104895,0.0,0.0,0.0,0.0,0.0,0.0,0.0,0.0,0.0,0.0,0.0,0.006993006993006993,0.0,0.0,0.0,0.006993006993006993,0.0,0.0,0.0,0.006993006993006993,0.04895104895104895,0.0,0.0,0.0,0.0,0.0,0.0,0.013986013986013986,0.0,0.0,0.006993006993006993,0.0,0.0,0.0,0.0,0.0,0.006993006993006993,0.0,0.0,0.0,0.0
rcpt/donation_detail.app,0.13333333333333333,0.0,0.06666666666666667,0.03333333333333333,0.03333333333333333,0.0,0.03333333333333333,0.06666666666666667,0.0,0.0,0.06666666666666667,0.0,0.16666666666666666,0.0,0.0,0.0,0.0,0.0,0.0,0.0,0.0,0.0,0.0,0.0,0.0,0.0,0.0,0.03333333333333333,0.03333333333333333,0.03333333333333333,0.03333333333333333,0.0,0.06666666666666667,0.0,0.0,0.0,0.0,0.0,0.0,0.0,0.0,0.03333333333333333,0.0,0.0,0.0,0.0,0.0,0.0,0.0,0.0,0.0,0.03333333333333333,0.0,0.0,0.0,0.03333333333333333,0.0,0.03333333333333333,0.0,0.0,0.0,0.0,0.0,0.0,0.0,0.03333333333333333,0.0,0.0,0.0,0.03333333333333333,0.0,0.0,0.0,0.0,0.0,0.0,0.0,0.0,0.0,0.0,0.0,0.0,0.0,0.0,0.0,0.0,0.0,0.0,0.0,0.0,0.0,0.0,0.0,0.0,0.0,0.0,0.0,0.0,0.0,0.0,0.0,0.0
rcpt/gift_import_report.app,0.020202020202020204,0.0,0.030303030303030304,0.030303030303030304,0.0707070707070707,0.0,0.010101010101010102,0.030303030303030304,0.0,0.0,0.0,0.0,0.010101010101010102,0.0,0.0,0.0,0.0,0.0,0.0,0.010101010101010102,0.0,0.0,0.0,0.020202020202020204,0.0,0.010101010101010102,0.0,0.04040404040404041,0.0,0.020202020202020204,0.020202020202020204,0.0,0.0,0.18181818181818182,0.0,0.0,0.0,0.0,0.0,0.010101010101010102,0.0,0.020202020202020204,0.0,0.0,0.0,0.0,0.0,0.0,0.0,0.0,0.0,0.09090909090909091,0.06060606060606061,0.0,0.0,0.0,0.12121212121212122,0.0,0.12121212121212122,0.0,0.0,0.0,0.0,0.0,0.0,0.0,0.010101010101010102,0.010101010101010102,0.020202020202020204,0.0,0.0,0.0,0.0,0.0,0.0,0.0,0.0,0.0,0.0,0.0,0.0,0.010101010101010102,0.0,0.010101010101010102,0.0,0.0,0.010101010101010102,0.0,0.0,0.0,0.0,0.0,0.0,0.0,0.0,0.0,0.0,0.0,0.0,0.0,0.0,0.0
rcpt/gift_entry_new.app,0.04784688995215311,0.004784688995215311,0.2966507177033493,0.05741626794258373,0.11483253588516747,0.0861244019138756,0.009569377990430622,0.004784688995215311,0.0,0.03349282296650718,0.004784688995215311,0.004784688995215311,0.009569377990430622,0.004784688995215311,0.0,0.0,0.0,0.0,0.0,0.023923444976076555,0.0,0.0,0.0,0.0,0.0,0.0,0.0,0.0,0.0,0.009569377990430622,0.0,0.0,0.0,0.014354066985645933,0.004784688995215311,0.0,0.0,0.0,0.0,0.0,0.0,0.004784688995215311,0.009569377990430622,0.0,0.0,0.0,0.004784688995215311,0.0,0.0,0.0,0.0,0.004784688995215311,0.004784688995215311,0.0,0.0,0.004784688995215311,0.0,0.009569377990430622,0.0,0.0,0.0,0.004784688995215311,0.0,0.0,0.004784688995215311,0.0,0.028708133971291867,0.004784688995215311,0.0,0.0,0.0,0.0,0.0,0.0,0.0,0.0,0.0,0.0,0.0,0.009569377990430622,0.028708133971291867,0.1291866028708134,0.0,0.0,0.0,0.0,0.009569377990430622,0.0,0.004784688995215311,0.0,0.0,0.0,0.0,0.0,0.0,0.0,0.0,0.0,0.0,0.0,0.0,0.0
rcpt/admin_fees.app,0.10526315789473684,0.0,0.15789473684210525,0.21052631578947367,0.15789473684210525,0.0,0.0,0.0,0.0,0.0,0.0,0.0,0.05263157894736842,0.0,0.0,0.0,0.0,0.0,0.0,0.0,0.0,0.0,0.0,0.0,0.0,0.0,0.0,0.0,0.0,0.0,0.0,0.0,0.0,0.0,0.0,0.0,0.0,0.0,0.0,0.0,0.0,0.0,0.0,0.0,0.0,0.0,0.0,0.0,0.0,0.0,0.0,0.0,0.0,0.0,0.0,0.0,0.0,0.0,0.0,0.0,0.0,0.0,0.0,0.0,0.05263157894736842,0.0,0.10526315789473684,0.0,0.0,0.0,0.0,0.0,0.0,0.0,0.0,0.0,0.0,0.0,0.0,0.0,0.0,0.0,0.0,0.0,0.0,0.0,0.15789473684210525,0.0,0.0,0.0,0.0,0.0,0.0,0.0,0.0,0.0,0.0,0.0,0.0,0.0,0.0,0.0
base/email_reports.app,0.0,0.0,0.08333333333333333,0.0,0.08333333333333333,0.08333333333333333,0.0,0.0,0.0,0.0,0.0,0.0,0.16666666666666666,0.08333333333333333,0.0,0.0,0.0,0.0,0.0,0.0,0.0,0.08333333333333333,0.0,0.0,0.0,0.0,0.0,0.0,0.0,0.0,0.0,0.0,0.0,0.08333333333333333,0.0,0.0,0.0,0.0,0.0,0.0,0.0,0.0,0.0,0.0,0.0,0.0,0.0,0.0,0.0,0.0,0.0,0.0,0.0,0.0,0.0,0.0,0.0,0.0,0.0,0.08333333333333333,0.0,0.0,0.0,0.0,0.0,0.0,0.0,0.08333333333333333,0.0,0.0,0.0,0.0,0.0,0.0,0.0,0.0,0.08333333333333333,0.0,0.0,0.0,0.0,0.0,0.0,0.0,0.0,0.08333333333333333,0.0,0.0,0.0,0.0,0.0,0.0,0.0,0.0,0.0,0.0,0.0,0.0,0.0,0.0,0.0,0.0
base/requests.app,0.10077519379844961,0.0,0.06201550387596899,0.0,0.0,0.031007751937984496,0.0,0.18604651162790697,0.0,0.0,0.0,0.0,0.015503875968992248,0.015503875968992248,0.0,0.0,0.007751937984496124,0.0,0.0,0.0,0.0,0.007751937984496124,0.0,0.007751937984496124,0.007751937984496124,0.0,0.0,0.0,0.0,0.046511627906976744,0.2248062015503876,0.0,0.0,0.046511627906976744,0.0,0.0,0.0,0.0,0.0,0.0,0.0,0.0,0.0,0.0,0.007751937984496124,0.007751937984496124,0.015503875968992248,0.007751937984496124,0.0,0.0,0.0,0.06201550387596899,0.0,0.0,0.0,0.015503875968992248,0.007751937984496124,0.0,0.0,0.0,0.0,0.007751937984496124,0.0,0.0,0.007751937984496124,0.0,0.0,0.015503875968992248,0.0,0.0,0.0,0.0,0.0,0.0,0.0,0.0,0.0,0.0,0.0,0.015503875968992248,0.0,0.046511627906976744,0.0,0.0,0.0,0.007751937984496124,0.007751937984496124,0.0,0.0,0.0,0.0,0.0,0.0,0.0,0.0,0.0,0.0,0.007751937984496124,0.0,0.0,0.0,0.0
base/prefs.app,0.0,0.07142857142857142,0.07142857142857142,0.0,0.0,0.21428571428571427,0.0,0.0,0.0,0.0,0.0,0.0,0.0,0.0,0.0,0.0,0.0,0.0,0.07142857142857142,0.0,0.0,0.07142857142857142,0.0,0.14285714285714285,0.0,0.0,0.0,0.0,0.0,0.07142857142857142,0.0,0.0,0.0,0.0,0.0,0.0,0.0,0.0,0.0,0.0,0.0,0.0,0.0,0.0,0.0,0.0,0.0,0.0,0.0,0.0,0.0,0.0,0.0,0.0,0.0,0.0,0.0,0.0,0.0,0.0,0.0,0.0,0.0,0.0,0.0,0.07142857142857142,0.07142857142857142,0.0,0.0,0.0,0.0,0.0,0.07142857142857142,0.0,0.0,0.0,0.0,0.0,0.0,0.0,0.0,0.0,0.0,0.0,0.07142857142857142,0.0,0.0,0.0,0.0,0.0,0.0,0.0,0.0,0.0,0.0,0.0,0.0,0.0,0.0,0.0,0.0,0.0
base/mailing_report_test.app,0.04878048780487805,0.0,0.04878048780487805,0.0,0.024390243902439025,0.07317073170731707,0.0,0.0,0.0,0.0,0.0,0.0,0.0,0.34146341463414637,0.0,0.0,0.0,0.0,0.0,0.07317073170731707,0.0,0.0,0.0,0.024390243902439025,0.0,0.024390243902439025,0.024390243902439025,0.0,0.0,0.024390243902439025,0.0,0.024390243902439025,0.0,0.0,0.0,0.0,0.0,0.0,0.0,0.0,0.0,0.0,0.0,0.0,0.0,0.0,0.0,0.0,0.0,0.0,0.0,0.024390243902439025,0.0,0.0,0.04878048780487805,0.0,0.0,0.0,0.0,0.04878048780487805,0.07317073170731707,0.0,0.0,0.0,0.0,0.0,0.0,0.0,0.0,0.0,0.0,0.0,0.0,0.0,0.0,0.0,0.0,0.024390243902439025,0.0,0.024390243902439025,0.0,0.024390243902439025,0.0,0.0,0.0,0.0,0.0,0.0,0.0,0.0,0.0,0.0,0.0,0.0,0.0,0.0,0.0,0.0,0.0,0.0,0.0,0.0
lightsys/conv_pay.app,0.0,0.0,0.0,0.0,0.125,0.0,0.0,0.0,0.0,0.0,0.0,0.0,0.0,0.0,0.0,0.0,0.0,0.0,0.0,0.0,0.0,0.0,0.0,0.75,0.0,0.0,0.0,0.0,0.0,0.0,0.0,0.0,0.0,0.0,0.0,0.0,0.0,0.0,0.0,0.0,0.0,0.0,0.0,0.0,0.0,0.0,0.0,0.0,0.0,0.0,0.0,0.0,0.0,0.0,0.0,0.0,0.0,0.0,0.0,0.0,0.0,0.0,0.0,0.0,0.0,0.0,0.0,0.0,0.0,0.0,0.0,0.0,0.0,0.0,0.0,0.0,0.0,0.0,0.0,0.0,0.0,0.125,0.0,0.0,0.0,0.0,0.0,0.0,0.0,0.0,0.0,0.0,0.0,0.0,0.0,0.0,0.0,0.0,0.0,0.0,0.0,0.0
payroll/runpayroll.app,0.014814814814814815,0.0,0.037037037037037035,0.0,0.022222222222222223,0.003703703703703704,0.0,0.007407407407407408,0.0,0.0,0.0,0.0,0.003703703703703704,0.0,0.0,0.0,0.0,0.0,0.0,0.0,0.0,0.0,0.003703703703703704,0.0,0.31851851851851853,0.003703703703703704,0.0,0.003703703703703704,0.003703703703703704,0.14814814814814814,0.24444444444444444,0.0,0.003703703703703704,0.011111111111111112,0.0,0.0,0.0,0.0,0.007407407407407408,0.02962962962962963,0.003703703703703704,0.007407407407407408,0.0,0.0,0.0,0.003703703703703704,0.0,0.0,0.0,0.0,0.0,0.003703703703703704,0.0,0.007407407407407408,0.0,0.0,0.003703703703703704,0.0,0.0,0.0,0.0,0.0,0.0,0.0,0.003703703703703704,0.0,0.0,0.0,0.0,0.0,0.040740740740740744,0.0,0.0,0.0,0.0,0.0,0.0,0.0,0.0,0.003703703703703704,0.0,0.04814814814814815,0.0,0.0,0.0,0.0,0.003703703703703704,0.0,0.003703703703703704,0.0,0.0,0.0,0.0,0.0,0.0,0.0,0.0,0.0,0.0,0.0,0.0,0.0
payroll/pay_form.app,0.017391304347826087,0.008695652173913044,0.06956521739130435,0.0,0.05217391304347826,0.034782608695652174,0.0,0.008695652173913044,0.0,0.0,0.0,0.0,0.008695652173913044,0.0,0.0,0.0,0.017391304347826087,0.0,0.0,0.017391304347826087,0.0,0.0,0.0,0.08695652173913043,0.0,0.0,0.0,0.0,0.0,0.13043478260869565,0.1826086956521739,0.008695652173913044,0.0,0.034782608695652174,0.0,0.0,0.0,0.0,0.0,0.0,0.06956521739130435,0.02608695652173913,0.0,0.0,0.0,0.0,0.008695652173913044,0.0,0.0,0.0,0.0,0.0,0.0,0.0,0.0,0.0,0.008695652173913044,0.0,0.0,0.0,0.0,0.0,0.0,0.0,0.0,0.0,0.0,0.0,0.0,0.0,0.02608695652173913,0.0,0.0,0.0,0.0,0.0,0.008695652173913044,0.0,0.0,0.0,0.0,0.05217391304347826,0.0,0.0,0.0,0.0,0.017391304347826087,0.0,0.017391304347826087,0.0,0.0,0.0,0.0,0.0,0.0,0.06956521739130435,0.0,0.017391304347826087,0.0,0.0,0.0,0.0
/lightsys/Checks.app,0.10714285714285714,0.0,0.017857142857142856,0.017857142857142856,0.017857142857142856,0.0,0.0,0.0,0.0,0.0,0.0,0.0,0.05357142857142857,0.0,0.0,0.0,0.0,0.0,0.0,0.0,0.0,0.0,0.0,0.017857142857142856,0.0,0.0,0.19642857142857142,0.07142857142857142,0.05357142857142857,0.16071428571428573,0.0,0.08928571428571429,0.0,0.03571428571428571,0.0,0.017857142857142856,0.0,0.0,0.0,0.0,0.0,0.0,0.03571428571428571,0.0,0.0,0.0,0.017857142857142856,0.017857142857142856,0.0,0.0,0.0,0.0,0.0,0.0,0.0,0.0,0.0,0.0,0.0,0.0,0.0,0.0,0.0,0.0,0.0,0.0,0.0,0.0,0.0,0.0,0.0,0.0,0.0,0.0,0.0,0.0,0.0,0.0,0.0,0.0,0.0,0.0,0.0,0.0,0.0,0.0,0.0,0.017857142857142856,0.05357142857142857,0.0,0.0,0.0,0.0,0.0,0.0,0.0,0.0,0.0,0.0,0.0,0.0,0.0
/lightsys/Liabilities.app,0.03333333333333333,0.0,0.0,0.0,0.0,0.0,0.0,0.0,0.0,0.0,0.0,0.0,0.0,0.0,0.0,0.0,0.0,0.0,0.0,0.0,0.0,0.0,0.03333333333333333,0.03333333333333333,0.0,0.5,0.0,0.0,0.0,0.0,0.06666666666666667,0.2,0.0,0.03333333333333333,0.0,0.0,0.03333333333333333,0.0,0.03333333333333333,0.0,0.0,0.03333333333333333,0.0,0.0,0.0,0.0,0.0,0.0,0.0,0.0,0.0,0.0,0.0,0.0,0.0,0.0,0.0,0.0,0.0,0.0,0.0,0.0,0.0,0.0,0.0,0.0,0.0,0.0,0.0,0.0,0.0,0.0,0.0,0.0,0.0,0.0,0.0,0.0,0.0,0.0,0.0,0.0,0.0,0.0,0.0,0.0,0.0,0.0,0.0,0.0,0.0,0.0,0.0,0.0,0.0,0.0,0.0,0.0,0.0,0.0,0.0,0.0
rcpt/deposit_summary.app,0.009900990099009901,0.0,0.06930693069306931,0.1782178217821782,0.009900990099009901,0.0,0.009900990099009901,0.0,0.0,0.0,0.0,0.019801980198019802,0.0,0.0,0.009900990099009901,0.06930693069306931,0.0,0.0,0.0,0.0,0.0,0.0,0.0,0.0297029702970297,0.0,0.019801980198019802,0.009900990099009901,0.0,0.009900990099009901,0.32673267326732675,0.0,0.0,0.009900990099009901,0.12871287128712872,0.009900990099009901,0.0,0.009900990099009901,0.0,0.0,0.009900990099009901,0.009900990099009901,0.0297029702970297,0.0,0.0,0.0,0.0,0.0,0.0,0.0,0.0,0.0,0.0,0.0,0.0,0.0,0.0,0.009900990099009901,0.0,0.0,0.0,0.0,0.0,0.0,0.0,0.0,0.0,0.009900990099009901,0.0,0.0,0.0,0.0,0.0,0.0,0.0,0.0,0.0,0.0,0.0,0.0,0.0,0.0,0.0,0.0,0.0,0.0,0.0,0.0,0.0,0.0,0.0,0.0,0.0,0.0,0.0,0.0,0.0,0.0,0.0,0.0,0.0,0.0,0.0
lightsys/conv_disb.app,0.1111111111111111,0.0,0.0,0.0,0.1111111111111111,0.0,0.0,0.0,0.0,0.0,0.0,0.0,0.0,0.0,0.0,0.0,0.0,0.0,0.0,0.0,0.0,0.0,0.0,0.0,0.0,0.1111111111111111,0.0,0.0,0.0,0.4444444444444444,0.0,0.0,0.0,0.0,0.0,0.0,0.1111111111111111,0.0,0.0,0.0,0.0,0.0,0.0,0.0,0.0,0.0,0.0,0.0,0.0,0.0,0.0,0.0,0.0,0.0,0.0,0.0,0.0,0.0,0.0,0.0,0.0,0.0,0.0,0.0,0.0,0.0,0.0,0.0,0.0,0.0,0.0,0.0,0.0,0.0,0.0,0.0,0.0,0.0,0.0,0.0,0.0,0.0,0.0,0.0,0.0,0.0,0.0,0.1111111111111111,0.0,0.0,0.0,0.0,0.0,0.0,0.0,0.0,0.0,0.0,0.0,0.0,0.0,0.0
disb/cd_batches.app,0.02460456942003515,0.0008787346221441124,0.021968365553602813,0.016695957820738138,0.01054481546572935,0.0035149384885764497,0.0,0.0,0.0,0.0,0.0,0.0008787346221441124,0.0008787346221441124,0.0,0.0008787346221441124,0.0035149384885764497,0.0017574692442882249,0.0,0.0,0.009666080843585237,0.0008787346221441124,0.0,0.0026362038664323375,0.033391915641476276,0.0,0.0008787346221441124,0.0008787346221441124,0.020210896309314587,0.0,0.0,0.7434094903339191,0.0008787346221441124,0.0,0.0351493848857645,0.0,0.0,0.0008787346221441124,0.0008787346221441124,0.0017574692442882249,0.014938488576449912,0.004393673110720563,0.007908611599297012,0.0008787346221441124,0.0017574692442882249,0.0,0.0008787346221441124,0.0,0.0,0.0017574692442882249,0.0,0.004393673110720563,0.01054481546572935,0.0,0.0,0.0,0.0,0.0026362038664323375,0.0,0.0,0.0,0.0,0.0,0.0,0.0,0.0026362038664323375,0.0,0.0,0.0,0.0008787346221441124,0.0,0.0,0.0008787346221441124,0.0,0.0,0.0,0.0,0.0,0.0,0.0,0.0017574692442882249,0.0008787346221441124,0.0026362038664323375,0.0,0.0,0.0,0.0,0.0,0.0,0.0008787346221441124,0.0,0.0,0.0,0.0008787346221441124,0.0,0.0,0.0,0.0,0.0008787346221441124,0.0,0.0,0.0,0.0
disb/disbursements.app,0.0835707502374169,0.0,0.03608736942070275,0.030389363722697058,0.032288698955365625,0.012345679012345678,0.0,0.001899335232668566,0.0,0.012345679012345678,0.000949667616334283,0.000949667616334283,0.000949667616334283,0.005698005698005698,0.0,0.003798670465337132,0.000949667616334283,0.0,0.0,0.020892687559354226,0.000949667616334283,0.000949667616334283,0.0,0.050332383665717,0.001899335232668566,0.003798670465337132,0.004748338081671415,0.019943019943019943,0.0,0.4007597340930674,0.0,0.0,0.0,0.05698005698005698,0.0,0.0,0.003798670465337132,0.003798670465337132,0.005698005698005698,0.05318138651471985,0.013295346628679962,0.03133903133903134,0.002849002849002849,0.000949667616334283,0.000949667616334283,0.004748338081671415,0.017094017094017096,0.001899335232668566,0.003798670465337132,0.0,0.002849002849002849,0.018043684710351376,0.001899335232668566,0.001899335232668566,0.0,0.0,0.004748338081671415,0.000949667616334283,0.005698005698005698,0.0,0.0,0.0,0.0,0.0,0.003798670465337132,0.0,0.0,0.003798670465337132,0.000949667616334283,0.0,0.0,0.0,0.000949667616334283,0.000949667616334283,0.0,0.0,0.0,0.0,0.0,0.000949667616334283,0.000949667616334283,0.020892687559354226,0.0,0.0,0.0,0.0,0.001899335232668566,0.0,0.001899335232668566,0.0,0.0,0.0,0.0,0.0,0.0,0.0,0.0,0.0,0.0,0.0,0.0,0.0
/lightsys/Payroll.app,0.0,0.0,0.037037037037037035,0.0,0.037037037037037035,0.0,0.0,0.0,0.0,0.0,0.0,0.0,0.037037037037037035,0.0,0.0,0.0,0.0,0.0,0.0,0.0,0.0,0.0,0.0,0.07407407407407407,0.0,0.2962962962962963,0.25925925925925924,0.0,0.037037037037037035,0.0,0.0,0.0,0.0,0.037037037037037035,0.0,0.0,0.0,0.037037037037037035,0.0,0.0,0.0,0.0,0.0,0.0,0.0,0.0,0.07407407407407407,0.0,0.0,0.0,0.0,0.0,0.0,0.0,0.0,0.0,0.0,0.0,0.0,0.0,0.0,0.0,0.0,0.0,0.0,0.0,0.0,0.0,0.0,0.0,0.0,0.0,0.0,0.0,0.0,0.0,0.0,0.0,0.0,0.0,0.0,0.037037037037037035,0.0,0.0,0.0,0.0,0.0,0.0,0.037037037037037035,0.0,0.0,0.0,0.0,0.0,0.0,0.0,0.0,0.0,0.0,0.0,0.0,0.0
rcpt/donation_summary.app,0.05,0.0,0.0,0.0,0.0,0.0,0.05,0.05,0.0,0.05,0.1,0.0,0.4,0.0,0.1,0.05,0.0,0.0,0.0,0.0,0.0,0.0,0.0,0.0,0.0,0.0,0.0,0.0,0.0,0.0,0.0,0.0,0.0,0.0,0.0,0.0,0.0,0.0,0.0,0.0,0.0,0.0,0.0,0.0,0.0,0.0,0.0,0.0,0.0,0.0,0.0,0.0,0.0,0.0,0.0,0.0,0.0,0.15,0.0,0.0,0.0,0.0,0.0,0.0,0.0,0.0,0.0,0.0,0.0,0.0,0.0,0.0,0.0,0.0,0.0,0.0,0.0,0.0,0.0,0.0,0.0,0.0,0.0,0.0,0.0,0.0,0.0,0.0,0.0,0.0,0.0,0.0,0.0,0.0,0.0,0.0,0.0,0.0,0.0,0.0,0.0,0.0
gl/batches.app,0.024429967426710098,0.0,0.026058631921824105,0.02768729641693811,0.048859934853420196,0.006514657980456026,0.0,0.08306188925081433,0.0,0.0,0.0,0.0,0.0,0.0,0.0,0.008143322475570033,0.008143322475570033,0.0,0.0,0.017915309446254073,0.0,0.0,0.0,0.009771986970684038,0.0016286644951140066,0.004885993485342019,0.0,0.013029315960912053,0.0,0.08794788273615635,0.04723127035830619,0.0,0.0,0.0,0.0,0.0,0.0,0.0016286644951140066,0.0,0.0016286644951140066,0.0,0.013029315960912053,0.0016286644951140066,0.0,0.003257328990228013,0.0016286644951140066,0.3517915309446254,0.004885993485342019,0.003257328990228013,0.0,0.016286644951140065,0.03745928338762215,0.03745928338762215,0.0,0.0,0.0016286644951140066,0.02768729641693811,0.0,0.02768729641693811,0.0,0.0,0.0,0.0,0.004885993485342019,0.0016286644951140066,0.0,0.0,0.009771986970684038,0.003257328990228013,0.0,0.0016286644951140066,0.003257328990228013,0.0,0.0,0.0,0.0,0.0,0.0,0.0,0.0016286644951140066,0.0016286644951140066,0.016286644951140065,0.0,0.0,0.0,0.0,0.0,0.0016286644951140066,0.003257328990228013,0.0,0.0,0.0,0.003257328990228013,0.0,0.0,0.0,0.0,0.0016286644951140066,0.0,0.0,0.0,0.0
rcpt/manual_trx_fee.app,0.0,0.0,0.15384615384615385,0.0,0.0,0.07692307692307693,0.0,0.07692307692307693,0.0,0.0,0.0,0.07692307692307693,0.0,0.0,0.0,0.0,0.0,0.07692307692307693,0.0,0.0,0.0,0.0,0.0,0.0,0.0,0.0,0.0,0.0,0.07692307692307693,0.0,0.0,0.0,0.0,0.0,0.0,0.0,0.0,0.0,0.0,0.0,0.0,0.0,0.0,0.0,0.0,0.0,0.0,0.0,0.0,0.0,0.0,0.0,0.0,0.0,0.0,0.0,0.0,0.0,0.0,0.0,0.0,0.0,0.0,0.0,0.0,0.0,0.07692307692307693,0.0,0.0,0.0,0.0,0.0,0.0,0.0,0.0,0.0,0.0,0.0,0.0,0.0,0.07692307692307693,0.0,0.0,0.0,0.0,0.0,0.15384615384615385,0.0,0.07692307692307693,0.0,0.0,0.0,0.0,0.0,0.0,0.0,0.0,0.07692307692307693,0.0,0.0,0.0,0.0
/lightsys/Address2.app,0.6666666666666666,0.0,0.0,0.0,0.0,0.0,0.0,0.0,0.0,0.0,0.0,0.0,0.0,0.0,0.0,0.0,0.0,0.0,0.0,0.0,0.0,0.0,0.0,0.0,0.0,0.3333333333333333,0.0,0.0,0.0,0.0,0.0,0.0,0.0,0.0,0.0,0.0,0.0,0.0,0.0,0.0,0.0,0.0,0.0,0.0,0.0,0.0,0.0,0.0,0.0,0.0,0.0,0.0,0.0,0.0,0.0,0.0,0.0,0.0,0.0,0.0,0.0,0.0,0.0,0.0,0.0,0.0,0.0,0.0,0.0,0.0,0.0,0.0,0.0,0.0,0.0,0.0,0.0,0.0,0.0,0.0,0.0,0.0,0.0,0.0,0.0,0.0,0.0,0.0,0.0,0.0,0.0,0.0,0.0,0.0,0.0,0.0,0.0,0.0,0.0,0.0,0.0,0.0
disb/disbursements_detail.app,0.038461538461538464,0.0,0.038461538461538464,0.0,0.038461538461538464,0.11538461538461539,0.0,0.0,0.0,0.0,0.0,0.0,0.0,0.0,0.038461538461538464,0.038461538461538464,0.0,0.0,0.0,0.0,0.0,0.038461538461538464,0.0,0.0,0.0,0.0,0.0,0.0,0.0,0.3076923076923077,0.038461538461538464,0.0,0.0,0.07692307692307693,0.0,0.0,0.0,0.038461538461538464,0.0,0.0,0.0,0.0,0.038461538461538464,0.038461538461538464,0.0,0.0,0.038461538461538464,0.0,0.0,0.0,0.0,0.0,0.0,0.0,0.0,0.0,0.0,0.0,0.0,0.0,0.0,0.0,0.0,0.0,0.0,0.0,0.0,0.038461538461538464,0.0,0.0,0.0,0.0,0.0,0.0,0.0,0.0,0.0,0.0,0.0,0.0,0.0,0.0,0.0,0.0,0.0,0.0,0.0,0.0,0.038461538461538464,0.0,0.0,0.0,0.0,0.0,0.0,0.0,0.0,0.0,0.0,0.0,0.0,0.0
disb/cashdisb.app,0.0,0.0,0.0,0.08333333333333333,0.0,0.0,0.0,0.0,0.0,0.0,0.0,0.0,0.0,0.0,0.0,0.0,0.0,0.0,0.0,0.0,0.0,0.0,0.0,0.0,0.0,0.0,0.0,0.0,0.0,0.6666666666666666,0.08333333333333333,0.08333333333333333,0.0,0.0,0.0,0.0,0.0,0.0,0.0,0.0,0.0,0.0,0.0,0.0,0.0,0.0,0.0,0.0,0.0,0.0,0.0,0.0,0.0,0.0,0.0,0.0,0.0,0.0,0.0,0.0,0.0,0.0,0.0,0.0,0.0,0.0,0.0,0.0,0.0,0.0,0.0,0.0,0.0,0.0,0.0,0.0,0.0,0.0,0.0,0.0,0.0,0.08333333333333333,0.0,0.0,0.0,0.0,0.0,0.0,0.0,0.0,0.0,0.0,0.0,0.0,0.0,0.0,0.0,0.0,0.0,0.0,0.0,0.0
payroll/payroll_register.app,0.0,0.0,0.04878048780487805,0.0,0.0,0.0,0.024390243902439025,0.0,0.0,0.0,0.0,0.0,0.0,0.0,0.0,0.0,0.0,0.0,0.0,0.0,0.0,0.0,0.0,0.0,0.0,0.0,0.0,0.0,0.0,0.04878048780487805,0.0,0.0,0.0,0.0,0.0,0.0,0.0,0.0,0.0,0.17073170731707318,0.4878048780487805,0.04878048780487805,0.0,0.024390243902439025,0.0,0.0,0.024390243902439025,0.0,0.0,0.024390243902439025,0.0,0.0,0.0,0.0,0.0,0.0,0.0,0.0,0.0,0.0,0.0,0.0,0.0,0.0,0.0,0.0,0.0,0.024390243902439025,0.0,0.0,0.0,0.0,0.0,0.0,0.0,0.0,0.0,0.0,0.0,0.0,0.0,0.04878048780487805,0.0,0.0,0.0,0.0,0.0,0.0,0.0,0.0,0.024390243902439025,0.0,0.0,0.0,0.0,0.0,0.0,0.0,0.0,0.0,0.0,0.0
payroll/paystubs.app,0.05982905982905983,0.0,0.05128205128205128,0.02564102564102564,0.017094017094017096,0.008547008547008548,0.0,0.0,0.0,0.0,0.0,0.008547008547008548,0.0,0.008547008547008548,0.0,0.0,0.0,0.0,0.0,0.0,0.0,0.0,0.0,0.09401709401709402,0.0,0.0,0.008547008547008548,0.008547008547008548,0.0,0.39316239316239315,0.0,0.0,0.0,0.03418803418803419,0.0,0.0,0.0,0.0,0.06837606837606838,0.0,0.02564102564102564,0.1282051282051282,0.0,0.0,0.0,0.008547008547008548,0.0,0.008547008547008548,0.0,0.008547008547008548,0.008547008547008548,0.008547008547008548,0.0,0.0,0.0,0.0,0.008547008547008548,0.0,0.0,0.008547008547008548,0.0,0.0,0.0,0.0,0.0,0.0,0.0,0.0,0.0,0.0,0.0,0.0,0.0,0.0,0.0,0.0,0.0,0.0,0.0,0.0,0.0,0.0,0.0,0.0,0.0,0.0,0.0,0.0,0.0,0.0,0.0,0.0,0.0,0.0,0.0,0.0,0.0,0.0,0.0,0.0,0.0,0.0
payroll/payroll_reg.app,0.1,0.0,0.06666666666666667,0.0,0.1,0.022222222222222223,0.0,0.011111111111111112,0.0,0.0,0.0,0.0,0.011111111111111112,0.0,0.0,0.0,0.011111111111111112,0.0,0.0,0.0,0.0,0.0,0.0,0.022222222222222223,0.022222222222222223,0.011111111111111112,0.0,0.011111111111111112,0.0,0.2222222222222222,0.011111111111111112,0.011111111111111112,0.0,0.022222222222222223,0.0,0.0,0.0,0.0,0.07777777777777778,0.05555555555555555,0.0,0.08888888888888889,0.0,0.0,0.011111111111111112,0.0,0.0,0.011111111111111112,0.0,0.011111111111111112,0.0,0.0,0.0,0.011111111111111112,0.0,0.022222222222222223,0.011111111111111112,0.0,0.0,0.0,0.0,0.0,0.0,0.0,0.011111111111111112,0.0,0.0,0.0,0.0,0.0,0.0,0.0,0.0,0.0,0.0,0.0,0.0,0.0,0.0,0.0,0.0,0.011111111111111112,0.0,0.0,0.0,0.0,0.0,0.0,0.022222222222222223,0.0,0.0,0.0,0.0,0.0,0.0,0.0,0.0,0.0,0.0,0.0,0.0,0.0
gl/liabilities.app,0.046511627906976744,0.0,0.007751937984496124,0.0,0.0,0.0,0.0,0.0,0.0,0.0,0.0,0.0,0.0,0.007751937984496124,0.0,0.0,0.0,0.0,0.0,0.0,0.0,0.007751937984496124,0.0,0.05426356589147287,0.0,0.0,0.007751937984496124,0.007751937984496124,0.0,0.46511627906976744,0.023255813953488372,0.007751937984496124,0.0,0.023255813953488372,0.0,0.0,0.0,0.0,0.03875968992248062,0.06201550387596899,0.09302325581395349,0.0,0.0,0.0,0.007751937984496124,0.0,0.0,0.0,0.0,0.0,0.015503875968992248,0.007751937984496124,0.007751937984496124,0.0,0.0,0.0,0.03875968992248062,0.0,0.03875968992248062,0.0,0.0,0.0,0.0,0.007751937984496124,0.015503875968992248,0.0,0.0,0.0,0.007751937984496124,0.0,0.0,0.0,0.0,0.0,0.0,0.0,0.0,0.0,0.0,0.0,0.0,0.0,0.0,0.0,0.0,0.0,0.0,0.0,0.0,0.0,0.0,0.0,0.0,0.0,0.0,0.0,0.0,0.0,0.0,0.0,0.0,0.0
disb/disbursements_payees.app,0.0,0.05,0.05,0.0,0.05,0.05,0.0,0.0,0.0,0.0,0.0,0.0,0.0,0.0,0.0,0.0,0.05,0.0,0.0,0.0,0.0,0.0,0.0,0.05,0.0,0.05,0.0,0.0,0.0,0.15,0.1,0.0,0.0,0.1,0.0,0.0,0.2,0.0,0.0,0.0,0.0,0.0,0.0,0.0,0.0,0.0,0.0,0.0,0.0,0.0,0.0,0.0,0.0,0.0,0.0,0.05,0.05,0.0,0.0,0.0,0.0,0.0,0.0,0.0,0.0,0.0,0.0,0.0,0.0,0.0,0.0,0.0,0.0,0.0,0.0,0.0,0.0,0.0,0.0,0.0,0.0,0.0,0.0,0.0,0.0,0.0,0.0,0.0,0.0,0.0,0.0,0.0,0.0,0.0,0.0,0.0,0.0,0.0,0.0,0.0,0.0,0.0
disb/disbursements_matrix.app,0.0,0.0,0.0,0.0,0.0,0.0,0.0,0.0,0.0,0.0,0.0,0.0,0.0,0.0,0.0,0.0,0.0,0.0,0.0,0.0,0.0,0.0,0.0,0.0,0.0,0.0,0.0,0.0,0.0,0.2,0.0,0.0,0.0,0.0,0.0,0.0,0.2,0.0,0.0,0.0,0.0,0.0,0.2,0.0,0.0,0.0,0.0,0.0,0.1,0.0,0.0,0.1,0.0,0.0,0.0,0.0,0.0,0.0,0.1,0.0,0.0,0.0,0.0,0.0,0.0,0.0,0.0,0.0,0.0,0.0,0.0,0.0,0.0,0.0,0.0,0.0,0.0,0.0,0.0,0.0,0.0,0.1,0.0,0.0,0.0,0.0,0.0,0.0,0.0,0.0,0.0,0.0,0.0,0.0,0.0,0.0,0.0,0.0,0.0,0.0,0.0,0.0
gl/balance_sheet.app,0.0,0.0,0.03333333333333333,0.0,0.03333333333333333,0.0,0.03333333333333333,0.0,0.0,0.0,0.0,0.0,0.0,0.0,0.0,0.0,0.0,0.0,0.0,0.03333333333333333,0.0,0.0,0.0,0.0,0.0,0.0,0.0,0.0,0.0,0.0,0.0,0.0,0.0,0.13333333333333333,0.0,0.0,0.0,0.0,0.0,0.0,0.0,0.0,0.03333333333333333,0.0,0.0,0.13333333333333333,0.0,0.03333333333333333,0.0,0.0,0.03333333333333333,0.0,0.0,0.0,0.0,0.03333333333333333,0.0,0.0,0.06666666666666667,0.0,0.0,0.0,0.0,0.0,0.06666666666666667,0.0,0.0,0.16666666666666666,0.0,0.0,0.0,0.0,0.0,0.0,0.0,0.0,0.0,0.0,0.0,0.0,0.0,0.03333333333333333,0.0,0.0,0.0,0.0,0.0,0.0,0.0,0.0,0.0,0.0,0.13333333333333333,0.0,0.0,0.0,0.0,0.0,0.0,0.0,0.0,0.0
gl/fund_balance.app,0.0,0.0,0.0196078431372549,0.0,0.0392156862745098,0.0,0.0196078431372549,0.0,0.0,0.0,0.0,0.0,0.0196078431372549,0.0,0.0,0.0,0.0,0.0,0.0,0.0,0.0,0.0,0.0,0.0196078431372549,0.0,0.0,0.0,0.0,0.0,0.0196078431372549,0.0,0.0,0.0,0.0196078431372549,0.0,0.0,0.0,0.0,0.0196078431372549,0.0,0.0196078431372549,0.09803921568627451,0.0,0.0,0.17647058823529413,0.0,0.0,0.0,0.0196078431372549,0.0,0.058823529411764705,0.0392156862745098,0.0,0.0,0.0,0.0784313725490196,0.11764705882352941,0.0,0.0392156862745098,0.0,0.0,0.0,0.0196078431372549,0.0,0.0392156862745098,0.0,0.0,0.058823529411764705,0.0,0.0,0.0,0.0,0.0,0.0392156862745098,0.0,0.0,0.0,0.0,0.0,0.0,0.0,0.0,0.0,0.0,0.0,0.0,0.0,0.0,0.0,0.0,0.0196078431372549,0.0,0.0,0.0,0.0,0.0,0.0,0.0,0.0,0.0,0.0,0.0
gl/journal_entry.app,0.006191950464396285,0.0,0.02476780185758514,0.015479876160990712,0.02786377708978328,0.006191950464396285,0.0,0.034055727554179564,0.0,0.0,0.0,0.0,0.0030959752321981426,0.0,0.0,0.03715170278637771,0.006191950464396285,0.0,0.0,0.01238390092879257,0.0,0.0,0.0,0.009287925696594427,0.0,0.0030959752321981426,0.0,0.009287925696594427,0.0,0.058823529411764705,0.03715170278637771,0.0030959752321981426,0.0,0.11455108359133127,0.0,0.0,0.0,0.0,0.0,0.0,0.0,0.021671826625386997,0.0,0.006191950464396285,0.0,0.0030959752321981426,0.0,0.0030959752321981426,0.009287925696594427,0.0,0.018575851393188854,0.030959752321981424,0.2755417956656347,0.0,0.0,0.0,0.030959752321981424,0.0,0.14551083591331268,0.0,0.0,0.0,0.0030959752321981426,0.0,0.006191950464396285,0.0,0.0,0.006191950464396285,0.006191950464396285,0.0,0.0,0.0,0.0,0.0,0.0,0.0,0.0,0.0,0.0,0.0030959752321981426,0.0,0.009287925696594427,0.0,0.0,0.0,0.0,0.0,0.0030959752321981426,0.006191950464396285,0.0,0.0,0.0,0.0030959752321981426,0.0,0.0,0.0,0.0,0.0,0.0,0.0,0.0,0.0
gl/acctmaint.app,0.03333333333333333,0.0,0.03333333333333333,0.06666666666666667,0.03333333333333333,0.03333333333333333,0.0,0.0,0.0,0.0,0.0,0.0,0.03333333333333333,0.0,0.0,0.0,0.0,0.0,0.0,0.0,0.0,0.0,0.0,0.0,0.0,0.0,0.0,0.0,0.0,0.06666666666666667,0.0,0.0,0.0,0.16666666666666666,0.0,0.0,0.0,0.0,0.0,0.0,0.0,0.0,0.0,0.0,0.0,0.03333333333333333,0.03333333333333333,0.0,0.03333333333333333,0.0,0.03333333333333333,0.03333333333333333,0.0,0.03333333333333333,0.0,0.0,0.06666666666666667,0.0,0.0,0.0,0.0,0.0,0.0,0.0,0.06666666666666667,0.0,0.0,0.0,0.0,0.0,0.0,0.03333333333333333,0.0,0.0,0.0,0.0,0.0,0.0,0.0,0.03333333333333333,0.03333333333333333,0.03333333333333333,0.0,0.0,0.0,0.0,0.0,0.0,0.0,0.0,0.0,0.0,0.03333333333333333,0.0,0.0,0.0,0.03333333333333333,0.0,0.0,0.0,0.0,0.0
gl/coarpt.app,0.05263157894736842,0.0,0.10526315789473684,0.0,0.0,0.0,0.0,0.0,0.0,0.0,0.0,0.0,0.0,0.0,0.0,0.0,0.0,0.0,0.0,0.0,0.0,0.0,0.0,0.0,0.0,0.0,0.0,0.0,0.0,0.3684210526315789,0.0,0.0,0.0,0.21052631578947367,0.0,0.0,0.0,0.0,0.0,0.0,0.0,0.05263157894736842,0.0,0.0,0.0,0.0,0.0,0.0,0.0,0.0,0.05263157894736842,0.0,0.0,0.0,0.0,0.0,0.0,0.0,0.10526315789473684,0.0,0.0,0.0,0.0,0.0,0.0,0.0,0.0,0.0,0.0,0.0,0.0,0.0,0.0,0.0,0.0,0.0,0.0,0.0,0.0,0.0,0.05263157894736842,0.0,0.0,0.0,0.0,0.0,0.0,0.0,0.0,0.0,0.0,0.0,0.0,0.0,0.0,0.0,0.0,0.0,0.0,0.0,0.0,0.0
payroll/financial_statement.app,0.0,0.0,0.0,0.0,0.0,0.2,0.0,0.0,0.0,0.0,0.0,0.0,0.0,0.0,0.0,0.0,0.0,0.0,0.0,0.0,0.0,0.0,0.0,0.0,0.0,0.0,0.0,0.0,0.0,0.0,0.0,0.0,0.0,0.0,0.0,0.0,0.0,0.0,0.2,0.2,0.0,0.2,0.0,0.0,0.0,0.0,0.0,0.0,0.0,0.0,0.2,0.0,0.0,0.0,0.0,0.0,0.0,0.0,0.0,0.0,0.0,0.0,0.0,0.0,0.0,0.0,0.0,0.0,0.0,0.0,0.0,0.0,0.0,0.0,0.0,0.0,0.0,0.0,0.0,0.0,0.0,0.0,0.0,0.0,0.0,0.0,0.0,0.0,0.0,0.0,0.0,0.0,0.0,0.0,0.0,0.0,0.0,0.0,0.0,0.0,0.0,0.0
gl/transaction_report.app,0.041666666666666664,0.0,0.027777777777777776,0.013888888888888888,0.013888888888888888,0.013888888888888888,0.027777777777777776,0.0,0.0,0.0,0.0,0.0,0.013888888888888888,0.0,0.013888888888888888,0.0,0.0,0.0,0.013888888888888888,0.0,0.0,0.0,0.0,0.013888888888888888,0.0,0.013888888888888888,0.0,0.0,0.0,0.125,0.0,0.0,0.0,0.25,0.0,0.0,0.0,0.0,0.013888888888888888,0.013888888888888888,0.0,0.0,0.0,0.0,0.013888888888888888,0.041666666666666664,0.027777777777777776,0.0,0.013888888888888888,0.0,0.0,0.0,0.013888888888888888,0.0,0.0,0.0,0.125,0.0,0.1111111111111111,0.0,0.013888888888888888,0.0,0.0,0.0,0.0,0.0,0.0,0.0,0.013888888888888888,0.0,0.0,0.0,0.0,0.0,0.0,0.0,0.0,0.0,0.0,0.0,0.0,0.0,0.0,0.0,0.0,0.0,0.0,0.0,0.0,0.0,0.0,0.0,0.0,0.0,0.0,0.0,0.0,0.013888888888888888,0.0,0.0,0.0,0.0
gl/periodmaint.app,0.005813953488372093,0.0,0.08139534883720931,0.01744186046511628,0.046511627906976744,0.011627906976744186,0.0,0.005813953488372093,0.0,0.0,0.0,0.0,0.01744186046511628,0.005813953488372093,0.0,0.0,0.005813953488372093,0.0,0.0,0.06395348837209303,0.0,0.0,0.005813953488372093,0.023255813953488372,0.0,0.0,0.0,0.011627906976744186,0.0,0.21511627906976744,0.011627906976744186,0.0,0.0,0.3081395348837209,0.0,0.0,0.0,0.005813953488372093,0.0,0.005813953488372093,0.0,0.005813953488372093,0.0,0.0,0.0,0.005813953488372093,0.01744186046511628,0.0,0.0,0.0,0.0,0.0,0.01744186046511628,0.0,0.0,0.0,0.01744186046511628,0.0,0.01744186046511628,0.0,0.0,0.0,0.0,0.0,0.01744186046511628,0.0,0.0,0.023255813953488372,0.0,0.0,0.0,0.0,0.0,0.0,0.0,0.0,0.005813953488372093,0.0,0.0,0.0,0.0,0.011627906976744186,0.0,0.0,0.0,0.0,0.0,0.0,0.005813953488372093,0.0,0.005813953488372093,0.0,0.0,0.0,0.0,0.0,0.0,0.0,0.0,0.0,0.0,0.0
gl/new_post_batch.app,0.023076923076923078,0.0,0.03076923076923077,0.015384615384615385,0.038461538461538464,0.023076923076923078,0.0,0.015384615384615385,0.0,0.0,0.007692307692307693,0.0,0.0,0.0,0.0,0.023076923076923078,0.015384615384615385,0.0,0.0,0.007692307692307693,0.0,0.0,0.0,0.015384615384615385,0.0,0.0,0.0,0.0,0.0,0.03076923076923077,0.038461538461538464,0.0,0.0,0.06153846153846154,0.0,0.0,0.007692307692307693,0.0,0.007692307692307693,0.0,0.0,0.0,0.0,0.0,0.0,0.015384615384615385,0.27692307692307694,0.0,0.0,0.0,0.015384615384615385,0.08461538461538462,0.0,0.0,0.0,0.0,0.038461538461538464,0.0,0.06923076923076923,0.0,0.0,0.0,0.0,0.0,0.0,0.0,0.0,0.0,0.007692307692307693,0.0,0.0,0.0,0.0,0.0,0.0,0.0,0.0,0.0,0.0,0.007692307692307693,0.0,0.038461538461538464,0.0,0.0,0.0,0.0,0.0,0.07692307692307693,0.007692307692307693,0.0,0.0,0.0,0.0,0.0,0.0,0.0,0.0,0.0,0.0,0.0,0.0,0.0
payroll/item_types.app,0.0,0.0,0.125,0.0,0.0,0.0,0.0,0.0,0.0,0.0,0.0,0.0,0.0,0.0,0.0,0.0,0.0,0.0,0.0,0.0,0.0,0.0,0.0,0.25,0.0,0.0,0.0,0.0,0.0,0.125,0.0,0.0,0.0,0.0,0.0,0.0,0.0,0.0,0.125,0.0,0.0,0.0,0.0,0.0,0.0,0.0,0.0,0.0,0.0,0.0,0.0,0.0,0.0,0.0,0.0,0.0,0.0,0.0,0.0,0.0,0.0,0.0,0.0,0.0,0.0,0.0,0.0,0.0,0.0,0.0,0.125,0.0,0.0,0.0,0.0,0.0,0.0,0.0,0.0,0.0,0.0,0.0,0.0,0.0,0.0,0.0,0.0,0.0,0.0,0.125,0.0,0.0,0.0,0.0,0.0,0.0,0.0,0.0,0.0,0.125,0.0,0.0
base/subscription.app,0.36666666666666664,0.0,0.05,0.0,0.016666666666666666,0.11666666666666667,0.016666666666666666,0.0,0.0,0.016666666666666666,0.0,0.016666666666666666,0.0,0.23333333333333334,0.0,0.0,0.0,0.0,0.0,0.0,0.0,0.08333333333333333,0.0,0.016666666666666666,0.0,0.0,0.0,0.0,0.0,0.03333333333333333,0.0,0.0,0.0,0.0,0.0,0.0,0.0,0.0,0.0,0.0,0.0,0.0,0.0,0.0,0.0,0.0,0.0,0.0,0.0,0.0,0.0,0.0,0.0,0.0,0.0,0.0,0.016666666666666666,0.0,0.0,0.0,0.016666666666666666,0.0,0.0,0.0,0.0,0.0,0.0,0.0,0.0,0.0,0.0,0.0,0.0,0.0,0.0,0.0,0.0,0.0,0.0,0.0,0.0,0.0,0.0,0.0,0.0,0.0,0.0,0.0,0.0,0.0,0.0,0.0,0.0,0.0,0.0,0.0,0.0,0.0,0.0,0.0,0.0,0.0
gl/inc_exp_fund_matrix.app,0.0,0.0,0.058823529411764705,0.029411764705882353,0.0,0.0,0.029411764705882353,0.0,0.0,0.0,0.029411764705882353,0.0,0.029411764705882353,0.0,0.0,0.0,0.0,0.0,0.0,0.0,0.0,0.0,0.0,0.0,0.0,0.0,0.0,0.0,0.0,0.058823529411764705,0.0,0.0,0.0,0.058823529411764705,0.0,0.0,0.0,0.0,0.0,0.0,0.029411764705882353,0.0,0.0,0.0,0.0,0.029411764705882353,0.0,0.0,0.0,0.0,0.17647058823529413,0.058823529411764705,0.0,0.0,0.0,0.0,0.029411764705882353,0.0,0.029411764705882353,0.0,0.0,0.0,0.0,0.0,0.0,0.0,0.0,0.17647058823529413,0.0,0.0,0.0,0.0,0.0,0.0,0.0,0.0,0.0,0.0,0.0,0.0,0.0,0.08823529411764706,0.0,0.0,0.0,0.0,0.0,0.0,0.029411764705882353,0.0,0.0,0.0,0.058823529411764705,0.0,0.0,0.0,0.0,0.0,0.0,0.0,0.0,0.0
gl/transaction_research.app,0.04,0.0,0.08666666666666667,0.006666666666666667,0.06,0.03333333333333333,0.006666666666666667,0.013333333333333334,0.0,0.0,0.006666666666666667,0.0,0.013333333333333334,0.0,0.006666666666666667,0.013333333333333334,0.0,0.0,0.0,0.02666666666666667,0.0,0.0,0.0,0.0,0.006666666666666667,0.0,0.0,0.0,0.0,0.04,0.03333333333333333,0.0,0.0,0.21333333333333335,0.0,0.0,0.006666666666666667,0.0,0.0,0.006666666666666667,0.013333333333333334,0.013333333333333334,0.013333333333333334,0.0,0.0,0.013333333333333334,0.04,0.006666666666666667,0.0,0.0,0.04666666666666667,0.06666666666666667,0.0,0.0,0.0,0.013333333333333334,0.0,0.006666666666666667,0.02666666666666667,0.0,0.0,0.0,0.0,0.0,0.02,0.0,0.006666666666666667,0.013333333333333334,0.0,0.0,0.006666666666666667,0.013333333333333334,0.0,0.013333333333333334,0.0,0.0,0.0,0.0,0.0,0.0,0.0,0.03333333333333333,0.0,0.0,0.0,0.0,0.0,0.0,0.0,0.0,0.0,0.0,0.013333333333333334,0.0,0.0,0.0,0.0,0.0,0.0,0.0,0.0,0.0
rcpt/annual_statement.app,0.17857142857142858,0.0,0.32142857142857145,0.0,0.07142857142857142,0.03571428571428571,0.0,0.0,0.0,0.0,0.03571428571428571,0.0,0.0,0.0,0.0,0.0,0.03571428571428571,0.0,0.0,0.0,0.0,0.0,0.0,0.0,0.0,0.0,0.0,0.0,0.0,0.03571428571428571,0.03571428571428571,0.0,0.03571428571428571,0.07142857142857142,0.03571428571428571,0.0,0.0,0.0,0.0,0.0,0.0,0.0,0.0,0.0,0.0,0.0,0.0,0.0,0.0,0.0,0.0,0.0,0.0,0.0,0.0,0.0,0.0,0.0,0.0,0.0,0.0,0.0,0.0,0.0,0.0,0.0,0.0,0.0,0.0,0.03571428571428571,0.0,0.0,0.0,0.0,0.0,0.0,0.0,0.0,0.0,0.03571428571428571,0.0,0.03571428571428571,0.0,0.0,0.0,0.0,0.0,0.0,0.0,0.0,0.0,0.0,0.0,0.0,0.0,0.0,0.0,0.0,0.0,0.0,0.0,0.0
gl/trial_balance.app,0.014184397163120567,0.0,0.0070921985815602835,0.014184397163120567,0.03546099290780142,0.0070921985815602835,0.0,0.0,0.0,0.0,0.0,0.0,0.0,0.0,0.0,0.22695035460992907,0.0,0.0,0.0,0.0,0.0,0.0,0.0,0.0070921985815602835,0.0,0.0,0.0,0.014184397163120567,0.0,0.04964539007092199,0.0070921985815602835,0.0070921985815602835,0.0,0.24113475177304963,0.0,0.0,0.014184397163120567,0.0,0.0,0.0,0.0,0.02127659574468085,0.0,0.0,0.0,0.0070921985815602835,0.05673758865248227,0.0070921985815602835,0.0,0.0,0.03546099290780142,0.0425531914893617,0.014184397163120567,0.0,0.0,0.014184397163120567,0.09929078014184398,0.0,0.0,0.0,0.0070921985815602835,0.0,0.0,0.0,0.0,0.0,0.0,0.02127659574468085,0.0,0.0,0.0070921985815602835,0.0,0.0,0.0,0.0,0.0,0.0,0.0,0.0,0.0070921985815602835,0.0,0.0070921985815602835,0.0,0.0,0.0,0.0,0.0,0.0,0.0,0.0,0.0,0.0,0.0,0.0,0.0,0.0,0.0,0.0070921985815602835,0.0,0.0,0.0,0.0
base/mlists.app,0.15384615384615385,0.0,0.15384615384615385,0.0,0.0,0.15384615384615385,0.0,0.0,0.0,0.0,0.0,0.0,0.0,0.07692307692307693,0.0,0.0,0.0,0.0,0.0,0.0,0.0,0.15384615384615385,0.0,0.0,0.0,0.0,0.0,0.0,0.0,0.0,0.0,0.0,0.0,0.0,0.0,0.0,0.0,0.0,0.0,0.07692307692307693,0.0,0.0,0.0,0.0,0.0,0.0,0.0,0.0,0.0,0.0,0.0,0.0,0.0,0.0,0.0,0.0,0.0,0.0,0.0,0.0,0.07692307692307693,0.0,0.0,0.0,0.0,0.0,0.0,0.0,0.0,0.0,0.0,0.0,0.0,0.0,0.0,0.0,0.07692307692307693,0.0,0.0,0.07692307692307693,0.0,0.0,0.0,0.0,0.0,0.0,0.0,0.0,0.0,0.0,0.0,0.0,0.0,0.0,0.0,0.0,0.0,0.0,0.0,0.0,0.0,0.0
base/labels.app,0.25,0.0,0.1,0.0,0.1,0.1,0.0,0.0,0.0,0.05,0.05,0.0,0.0,0.1,0.0,0.0,0.0,0.0,0.0,0.0,0.0,0.05,0.0,0.0,0.0,0.0,0.0,0.0,0.0,0.0,0.0,0.0,0.0,0.05,0.0,0.0,0.0,0.0,0.0,0.0,0.0,0.0,0.0,0.0,0.0,0.0,0.0,0.0,0.0,0.0,0.0,0.0,0.0,0.0,0.0,0.0,0.0,0.0,0.0,0.0,0.0,0.0,0.0,0.0,0.0,0.05,0.0,0.0,0.0,0.0,0.0,0.0,0.05,0.0,0.0,0.0,0.0,0.0,0.0,0.0,0.05,0.0,0.0,0.0,0.0,0.0,0.0,0.0,0.0,0.0,0.0,0.0,0.0,0.0,0.0,0.0,0.0,0.0,0.0,0.0,0.0,0.0
base/af_maint.app,0.0,0.0,0.25,0.0,0.125,0.0,0.0,0.0,0.0,0.0,0.0,0.0,0.0,0.0,0.0,0.0,0.125,0.0,0.0,0.125,0.125,0.0,0.0,0.0,0.0,0.0,0.0,0.0,0.0,0.125,0.0,0.0,0.0,0.0,0.0,0.0,0.0,0.0,0.0,0.0,0.0,0.0,0.0,0.0,0.0,0.0,0.0,0.0,0.0,0.0,0.0,0.0,0.0,0.0,0.0,0.0,0.0,0.0,0.0,0.0,0.0,0.0,0.0,0.0,0.0,0.0,0.0,0.0,0.0,0.0,0.0,0.0,0.0,0.0,0.0,0.0,0.0,0.0,0.0,0.0,0.0,0.0,0.0,0.0,0.0,0.0,0.125,0.0,0.0,0.0,0.0,0.0,0.0,0.0,0.0,0.0,0.0,0.0,0.0,0.0,0.0,0.0
gl/fundmgr_report.app,0.0,0.0,0.0,0.3333333333333333,0.0,0.0,0.0,0.0,0.0,0.0,0.0,0.0,0.0,0.0,0.0,0.0,0.0,0.0,0.0,0.0,0.0,0.0,0.0,0.0,0.0,0.0,0.0,0.0,0.0,0.0,0.0,0.0,0.0,0.0,0.0,0.0,0.0,0.0,0.0,0.0,0.0,0.0,0.0,0.0,0.0,0.0,0.0,0.0,0.0,0.0,0.6666666666666666,0.0,0.0,0.0,0.0,0.0,0.0,0.0,0.0,0.0,0.0,0.0,0.0,0.0,0.0,0.0,0.0,0.0,0.0,0.0,0.0,0.0,0.0,0.0,0.0,0.0,0.0,0.0,0.0,0.0,0.0,0.0,0.0,0.0,0.0,0.0,0.0,0.0,0.0,0.0,0.0,0.0,0.0,0.0,0.0,0.0,0.0,0.0,0.0,0.0,0.0,0.0
gl/period_comparison.app,0.0,0.0,0.0,0.0,0.0,0.0,0.0,0.0,0.0,0.0,0.0,0.0,0.16666666666666666,0.0,0.0,0.0,0.0,0.0,0.0,0.0,0.0,0.0,0.0,0.0,0.0,0.0,0.0,0.0,0.0,0.16666666666666666,0.0,0.0,0.0,0.0,0.0,0.0,0.0,0.0,0.0,0.0,0.0,0.0,0.0,0.0,0.0,0.0,0.0,0.0,0.0,0.0,0.16666666666666666,0.0,0.0,0.0,0.0,0.0,0.0,0.0,0.0,0.0,0.0,0.0,0.0,0.0,0.0,0.0,0.0,0.0,0.0,0.0,0.0,0.0,0.0,0.0,0.0,0.0,0.0,0.0,0.0,0.0,0.0,0.16666666666666666,0.0,0.0,0.0,0.0,0.0,0.0,0.0,0.0,0.0,0.0,0.3333333333333333,0.0,0.0,0.0,0.0,0.0,0.0,0.0,0.0,0.0
gl/coamaint.app,0.015151515151515152,0.045454545454545456,0.12121212121212122,0.015151515151515152,0.07575757575757576,0.07575757575757576,0.015151515151515152,0.015151515151515152,0.0,0.015151515151515152,0.0,0.0,0.030303030303030304,0.0,0.0,0.0,0.0,0.030303030303030304,0.0,0.015151515151515152,0.0,0.0,0.0,0.045454545454545456,0.0,0.0,0.0,0.0,0.0,0.045454545454545456,0.015151515151515152,0.0,0.0,0.030303030303030304,0.0,0.0,0.0,0.0,0.0,0.0,0.015151515151515152,0.015151515151515152,0.0,0.0,0.0,0.0,0.0,0.030303030303030304,0.015151515151515152,0.0,0.0,0.09090909090909091,0.0,0.0,0.0,0.0,0.07575757575757576,0.015151515151515152,0.0,0.0,0.0,0.0,0.0,0.0,0.0,0.0,0.0,0.015151515151515152,0.0,0.0,0.0,0.0,0.0,0.0,0.0,0.0,0.0,0.0,0.0,0.015151515151515152,0.0,0.06060606060606061,0.0,0.0,0.0,0.0,0.0,0.0,0.030303030303030304,0.0,0.0,0.0,0.015151515151515152,0.0,0.0,0.0,0.0,0.0,0.0,0.0,0.0,0.0
base/Help.app,0.125,0.0,0.0,0.0,0.0,0.0,0.0,0.0,0.0,0.0,0.0,0.0,0.0,0.25,0.0,0.0,0.0,0.0,0.125,0.125,0.125,0.0,0.0,0.0,0.0,0.0,0.0,0.0,0.0,0.0,0.0,0.0,0.0,0.0,0.0,0.0,0.0,0.0,0.0,0.0,0.0,0.0,0.0,0.0,0.0,0.0,0.0,0.0,0.0,0.0,0.0,0.0,0.0,0.0,0.0,0.0,0.0,0.0,0.0,0.0,0.125,0.0,0.0,0.0,0.0,0.0,0.0,0.0,0.0,0.0,0.0,0.0,0.0,0.0,0.0,0.0,0.125,0.0,0.0,0.0,0.0,0.0,0.0,0.0,0.0,0.0,0.0,0.0,0.0,0.0,0.0,0.0,0.0,0.0,0.0,0.0,0.0,0.0,0.0,0.0,0.0,0.0
rcpt/gift_types.app,0.02564102564102564,0.0,0.10256410256410256,0.0,0.07692307692307693,0.0,0.02564102564102564,0.05128205128205128,0.0,0.0,0.0,0.10256410256410256,0.0,0.0,0.0,0.0,0.10256410256410256,0.02564102564102564,0.0,0.0,0.0,0.0,0.0,0.0,0.0,0.0,0.0,0.0,0.0,0.02564102564102564,0.0,0.0,0.0,0.07692307692307693,0.05128205128205128,0.0,0.0,0.0,0.0,0.0,0.02564102564102564,0.0,0.0,0.0,0.0,0.0,0.0,0.0,0.0,0.0,0.0,0.0,0.0,0.0,0.0,0.0,0.0,0.0,0.0,0.02564102564102564,0.0,0.0,0.0,0.0,0.02564102564102564,0.0,0.0,0.0,0.0,0.0,0.0,0.0,0.0,0.0,0.0,0.0,0.0,0.0,0.0,0.0,0.07692307692307693,0.05128205128205128,0.0,0.0,0.0,0.0,0.1282051282051282,0.0,0.0,0.0,0.0,0.0,0.0,0.0,0.0,0.0,0.0,0.0,0.0,0.0,0.0,0.0
gl/inc_exp_matrix.app,0.046153846153846156,0.0,0.06153846153846154,0.0,0.046153846153846156,0.0,0.015384615384615385,0.0,0.0,0.0,0.0,0.0,0.015384615384615385,0.0,0.0,0.0,0.0,0.0,0.0,0.0,0.0,0.0,0.0,0.0,0.0,0.015384615384615385,0.0,0.0,0.0,0.015384615384615385,0.0,0.0,0.0,0.06153846153846154,0.0,0.0,0.015384615384615385,0.0,0.0,0.0,0.03076923076923077,0.0,0.0,0.0,0.1076923076923077,0.09230769230769231,0.0,0.046153846153846156,0.0,0.0,0.0,0.07692307692307693,0.0,0.0,0.0,0.06153846153846154,0.16923076923076924,0.0,0.0,0.0,0.0,0.0,0.0,0.015384615384615385,0.015384615384615385,0.0,0.0,0.0,0.0,0.0,0.0,0.0,0.0,0.0,0.0,0.0,0.0,0.0,0.0,0.0,0.0,0.03076923076923077,0.0,0.015384615384615385,0.0,0.0,0.0,0.0,0.03076923076923077,0.0,0.0,0.0,0.015384615384615385,0.0,0.0,0.0,0.0,0.0,0.0,0.0,0.0,0.0
disb/disbursements_summary.app,0.0,0.0,0.0,0.0,0.09090909090909091,0.0,0.0,0.0,0.0,0.0,0.0,0.0,0.0,0.0,0.0,0.09090909090909091,0.0,0.0,0.0,0.0,0.0,0.0,0.0,0.0,0.0,0.0,0.0,0.0,0.0,0.0,0.0,0.0,0.0,0.5454545454545454,0.0,0.0,0.09090909090909091,0.0,0.0,0.0,0.0,0.0,0.0,0.0,0.0,0.0,0.09090909090909091,0.0,0.0,0.0,0.0,0.0,0.0,0.0,0.0,0.0,0.0,0.0,0.0,0.0,0.0,0.0,0.0,0.0,0.0,0.0,0.0,0.0,0.0,0.0,0.0,0.0,0.0,0.0,0.0,0.0,0.0,0.0,0.0,0.0,0.0,0.09090909090909091,0.0,0.0,0.0,0.0,0.0,0.0,0.0,0.0,0.0,0.0,0.0,0.0,0.0,0.0,0.0,0.0,0.0,0.0,0.0,0.0
rcpt/admin_fee_summary.app,0.14285714285714285,0.0,0.0,0.0,0.2857142857142857,0.0,0.0,0.0,0.0,0.0,0.0,0.0,0.0,0.0,0.0,0.0,0.0,0.14285714285714285,0.0,0.0,0.0,0.0,0.0,0.0,0.0,0.0,0.0,0.14285714285714285,0.0,0.0,0.0,0.0,0.14285714285714285,0.0,0.0,0.0,0.0,0.0,0.0,0.0,0.0,0.0,0.0,0.0,0.0,0.0,0.0,0.0,0.0,0.0,0.0,0.0,0.0,0.0,0.0,0.0,0.0,0.0,0.0,0.0,0.0,0.0,0.0,0.0,0.0,0.0,0.0,0.0,0.0,0.0,0.0,0.0,0.0,0.0,0.0,0.0,0.0,0.0,0.0,0.0,0.14285714285714285,0.0,0.0,0.0,0.0,0.0,0.0,0.0,0.0,0.0,0.0,0.0,0.0,0.0,0.0,0.0,0.0,0.0,0.0,0.0,0.0,0.0
payroll/payees.app,0.21428571428571427,0.0,0.07142857142857142,0.0,0.03571428571428571,0.03571428571428571,0.0,0.0,0.0,0.0,0.0,0.0,0.0,0.0,0.0,0.0,0.0,0.0,0.0,0.0,0.0,0.0,0.0,0.17857142857142858,0.07142857142857142,0.0,0.0,0.0,0.0,0.10714285714285714,0.0,0.0,0.0,0.0,0.0,0.0,0.0,0.0,0.0,0.0,0.0,0.0,0.0,0.0,0.0,0.0,0.0,0.0,0.0,0.0,0.0,0.0,0.0,0.07142857142857142,0.0,0.0,0.0,0.0,0.0,0.0,0.0,0.0,0.0,0.0,0.0,0.0,0.0,0.0,0.0,0.0,0.0,0.0,0.0,0.0,0.0,0.0,0.0,0.0,0.0,0.0,0.0,0.17857142857142858,0.0,0.0,0.0,0.0,0.0,0.0,0.0,0.0,0.0,0.0,0.0,0.0,0.0,0.0,0.0,0.03571428571428571,0.0,0.0,0.0,0.0
gl/fundmaint.app,0.08333333333333333,0.0,0.08333333333333333,0.0,0.0,0.08333333333333333,0.08333333333333333,0.0,0.0,0.0,0.0,0.0,0.0,0.08333333333333333,0.0,0.0,0.0,0.0,0.0,0.0,0.0,0.0,0.0,0.0,0.0,0.0,0.0,0.0,0.0,0.08333333333333333,0.0,0.0,0.0,0.25,0.0,0.0,0.0,0.0,0.0,0.0,0.0,0.0,0.0,0.0,0.0,0.0,0.0,0.0,0.0,0.0,0.08333333333333333,0.0,0.0,0.0,0.0,0.0,0.08333333333333333,0.0,0.0,0.0,0.0,0.0,0.0,0.0,0.0,0.0,0.0,0.0,0.0,0.0,0.0,0.0,0.0,0.0,0.0,0.0,0.0,0.0,0.0,0.0,0.0,0.08333333333333333,0.0,0.0,0.0,0.0,0.0,0.0,0.0,0.0,0.0,0.0,0.0,0.0,0.0,0.0,0.0,0.0,0.0,0.0,0.0,0.0
base/country_maint.app,0.2,0.0,0.0,0.0,0.0,0.2,0.0,0.0,0.0,0.0,0.0,0.0,0.0,0.0,0.0,0.0,0.0,0.0,0.0,0.0,0.0,0.0,0.0,0.0,0.0,0.0,0.0,0.0,0.0,0.0,0.0,0.0,0.0,0.2,0.0,0.0,0.0,0.0,0.0,0.0,0.0,0.0,0.0,0.0,0.0,0.0,0.0,0.0,0.0,0.0,0.0,0.0,0.0,0.0,0.0,0.0,0.0,0.0,0.0,0.0,0.0,0.0,0.0,0.0,0.0,0.0,0.0,0.0,0.0,0.0,0.0,0.0,0.0,0.0,0.0,0.0,0.0,0.0,0.0,0.0,0.0,0.0,0.0,0.0,0.0,0.0,0.0,0.0,0.0,0.0,0.0,0.0,0.0,0.0,0.0,0.0,0.2,0.2,0.0,0.0,0.0,0.0
gl/net_assets_change.app,0.0,0.0,0.0,0.0,0.0,0.0,0.0,0.0,0.0,0.16666666666666666,0.0,0.0,0.16666666666666666,0.0,0.0,0.0,0.0,0.0,0.0,0.0,0.0,0.0,0.0,0.0,0.0,0.0,0.0,0.0,0.0,0.0,0.0,0.0,0.0,0.16666666666666666,0.0,0.0,0.0,0.0,0.0,0.0,0.0,0.0,0.0,0.0,0.0,0.0,0.0,0.0,0.0,0.0,0.0,0.0,0.0,0.0,0.0,0.16666666666666666,0.16666666666666666,0.0,0.0,0.0,0.0,0.0,0.0,0.0,0.0,0.0,0.0,0.0,0.0,0.0,0.0,0.0,0.0,0.0,0.0,0.0,0.0,0.0,0.0,0.0,0.0,0.16666666666666666,0.0,0.0,0.0,0.0,0.0,0.0,0.0,0.0,0.0,0.0,0.0,0.0,0.0,0.0,0.0,0.0,0.0,0.0,0.0,0.0
rcpt/admin_types.app,0.25,0.0,0.0,0.0,0.25,0.0,0.0,0.0,0.25,0.0,0.0,0.0,0.0,0.0,0.0,0.0,0.0,0.25,0.0,0.0,0.0,0.0,0.0,0.0,0.0,0.0,0.0,0.0,0.0,0.0,0.0,0.0,0.0,0.0,0.0,0.0,0.0,0.0,0.0,0.0,0.0,0.0,0.0,0.0,0.0,0.0,0.0,0.0,0.0,0.0,0.0,0.0,0.0,0.0,0.0,0.0,0.0,0.0,0.0,0.0,0.0,0.0,0.0,0.0,0.0,0.0,0.0,0.0,0.0,0.0,0.0,0.0,0.0,0.0,0.0,0.0,0.0,0.0,0.0,0.0,0.0,0.0,0.0,0.0,0.0,0.0,0.0,0.0,0.0,0.0,0.0,0.0,0.0,0.0,0.0,0.0,0.0,0.0,0.0,0.0,0.0,0.0
base/partner_search.app,0.0,0.0,0.0,0.0,0.0,1.0,0.0,0.0,0.0,0.0,0.0,0.0,0.0,0.0,0.0,0.0,0.0,0.0,0.0,0.0,0.0,0.0,0.0,0.0,0.0,0.0,0.0,0.0,0.0,0.0,0.0,0.0,0.0,0.0,0.0,0.0,0.0,0.0,0.0,0.0,0.0,0.0,0.0,0.0,0.0,0.0,0.0,0.0,0.0,0.0,0.0,0.0,0.0,0.0,0.0,0.0,0.0,0.0,0.0,0.0,0.0,0.0,0.0,0.0,0.0,0.0,0.0,0.0,0.0,0.0,0.0,0.0,0.0,0.0,0.0,0.0,0.0,0.0,0.0,0.0,0.0,0.0,0.0,0.0,0.0,0.0,0.0,0.0,0.0,0.0,0.0,0.0,0.0,0.0,0.0,0.0,0.0,0.0,0.0,0.0,0.0,0.0
base/email_reports_new.app,0.0,0.0,0.0,0.0,0.0,0.08333333333333333,0.0,0.0,0.0,0.08333333333333333,0.0,0.0,0.08333333333333333,0.0,0.08333333333333333,0.0,0.0,0.0,0.08333333333333333,0.0,0.0,0.0,0.0,0.08333333333333333,0.0,0.0,0.0,0.0,0.0,0.0,0.0,0.0,0.0,0.0,0.08333333333333333,0.0,0.0,0.0,0.0,0.0,0.0,0.0,0.0,0.0,0.0,0.0,0.0,0.0,0.0,0.0,0.08333333333333333,0.0,0.0,0.0,0.0,0.0,0.0,0.16666666666666666,0.0,0.0,0.0,0.0,0.0,0.0,0.0,0.0,0.0,0.0,0.0,0.0,0.0,0.0,0.0,0.0,0.0,0.0,0.0,0.0,0.0,0.08333333333333333,0.0,0.08333333333333333,0.0,0.0,0.0,0.0,0.0,0.0,0.0,0.0,0.0,0.0,0.0,0.0,0.0,0.0,0.0,0.0,0.0,0.0,0.0,0.0
base/new_subs.app,0.14285714285714285,0.0,0.0,0.0,0.14285714285714285,0.0,0.0,0.0,0.0,0.0,0.0,0.0,0.0,0.5714285714285714,0.0,0.0,0.0,0.0,0.0,0.0,0.0,0.0,0.0,0.0,0.0,0.0,0.0,0.0,0.0,0.0,0.0,0.0,0.0,0.0,0.0,0.0,0.0,0.0,0.0,0.0,0.0,0.0,0.0,0.0,0.0,0.0,0.0,0.0,0.0,0.0,0.0,0.0,0.0,0.0,0.14285714285714285,0.0,0.0,0.0,0.0,0.0,0.0,0.0,0.0,0.0,0.0,0.0,0.0,0.0,0.0,0.0,0.0,0.0,0.0,0.0,0.0,0.0,0.0,0.0,0.0,0.0,0.0,0.0,0.0,0.0,0.0,0.0,0.0,0.0,0.0,0.0,0.0,0.0,0.0,0.0,0.0,0.0,0.0,0.0,0.0,0.0,0.0,0.0
base/dup_check.app,0.0,0.0,0.0,0.0,0.0,0.0,0.0,0.25,0.0,0.0,0.0,0.0,0.0,0.0,0.0,0.0,0.0,0.0,0.0,0.0,0.0,0.0,0.0,0.0,0.0,0.0,0.0,0.0,0.0,0.0,0.0,0.0,0.0,0.0,0.0,0.0,0.0,0.0,0.0,0.0,0.0,0.0,0.0,0.0,0.0,0.0,0.0,0.0,0.0,0.0,0.0,0.0,0.0,0.0,0.0,0.0,0.25,0.0,0.0,0.0,0.0,0.0,0.0,0.0,0.0,0.25,0.0,0.0,0.0,0.0,0.0,0.0,0.0,0.0,0.0,0.0,0.0,0.0,0.0,0.0,0.0,0.0,0.0,0.0,0.0,0.0,0.25,0.0,0.0,0.0,0.0,0.0,0.0,0.0,0.0,0.0,0.0,0.0,0.0,0.0,0.0,0.0
system/security_policy.app,0.03278688524590164,0.03278688524590164,0.14754098360655737,0.08196721311475409,0.11475409836065574,0.08196721311475409,0.0,0.01639344262295082,0.0,0.0,0.01639344262295082,0.0,0.0,0.0,0.0,0.0,0.04918032786885246,0.0,0.01639344262295082,0.0,0.0,0.0,0.0,0.0,0.0,0.0,0.0,0.0,0.0,0.04918032786885246,0.0,0.0,0.0,0.08196721311475409,0.0,0.0,0.0,0.0,0.0,0.0,0.0,0.0,0.0,0.0,0.0,0.01639344262295082,0.0,0.01639344262295082,0.0,0.0,0.01639344262295082,0.0,0.0,0.0,0.0,0.0,0.01639344262295082,0.0,0.01639344262295082,0.0,0.0,0.01639344262295082,0.0,0.0,0.03278688524590164,0.0,0.0,0.01639344262295082,0.0,0.0,0.0,0.0,0.0,0.0,0.0,0.0,0.0,0.0,0.0,0.0,0.0,0.08196721311475409,0.0,0.0,0.0,0.0,0.0,0.0,0.01639344262295082,0.0,0.0,0.0,0.0,0.0,0.0,0.0,0.0,0.01639344262295082,0.0,0.0,0.0,0.01639344262295082
system/config.app,0.0,0.0,0.11,0.0,0.11,0.04,0.01,0.19,0.0,0.01,0.0,0.01,0.01,0.01,0.0,0.0,0.02,0.0,0.0,0.01,0.0,0.0,0.0,0.01,0.0,0.0,0.0,0.0,0.0,0.01,0.0,0.0,0.0,0.01,0.0,0.0,0.0,0.0,0.0,0.0,0.0,0.0,0.0,0.0,0.0,0.0,0.0,0.01,0.0,0.0,0.01,0.0,0.0,0.0,0.0,0.0,0.03,0.01,0.0,0.0,0.0,0.0,0.0,0.0,0.02,0.0,0.02,0.01,0.0,0.0,0.0,0.0,0.0,0.0,0.01,0.0,0.0,0.0,0.0,0.02,0.0,0.22,0.0,0.0,0.0,0.0,0.01,0.0,0.0,0.0,0.0,0.0,0.01,0.0,0.0,0.0,0.05,0.01,0.0,0.0,0.0,0.0
system/TableMaintenance.app,0.05475504322766571,0.005763688760806916,0.10086455331412104,0.01729106628242075,0.10662824207492795,0.04899135446685879,0.01729106628242075,0.08645533141210375,0.0,0.005763688760806916,0.0,0.002881844380403458,0.008645533141210375,0.011527377521613832,0.0,0.002881844380403458,0.08069164265129683,0.002881844380403458,0.0,0.008645533141210375,0.0,0.0,0.0,0.06051873198847262,0.025936599423631124,0.002881844380403458,0.0,0.0,0.0,0.037463976945244955,0.02881844380403458,0.002881844380403458,0.0,0.02881844380403458,0.0,0.0,0.0,0.002881844380403458,0.002881844380403458,0.0,0.008645533141210375,0.0,0.0,0.0,0.002881844380403458,0.002881844380403458,0.008645533141210375,0.0,0.0,0.0,0.0,0.0,0.002881844380403458,0.0,0.0,0.008645533141210375,0.008645533141210375,0.002881844380403458,0.011527377521613832,0.002881844380403458,0.0,0.0,0.0,0.0,0.008645533141210375,0.0,0.008645533141210375,0.005763688760806916,0.0,0.0,0.002881844380403458,0.0,0.0,0.0,0.0,0.0,0.0,0.002881844380403458,0.0,0.008645533141210375,0.04610951008645533,0.0,0.0,0.0,0.0,0.0,0.01440922190201729,0.0,0.011527377521613832,0.002881844380403458,0.0,0.0,0.005763688760806916,0.002881844380403458,0.0,0.0,0.005763688760806916,0.05763688760806916,0.0,0.0,0.0,0.0
/lightsys/Receipting.app,0.0,0.0,0.0,0.0,0.0,0.0,0.0,0.0,0.0,0.0,0.0,0.0,0.0,0.0,0.0,0.0,0.0,0.0,0.0,1.0,0.0,0.0,0.0,0.0,0.0,0.0,0.0,0.0,0.0,0.0,0.0,0.0,0.0,0.0,0.0,0.0,0.0,0.0,0.0,0.0,0.0,0.0,0.0,0.0,0.0,0.0,0.0,0.0,0.0,0.0,0.0,0.0,0.0,0.0,0.0,0.0,0.0,0.0,0.0,0.0,0.0,0.0,0.0,0.0,0.0,0.0,0.0,0.0,0.0,0.0,0.0,0.0,0.0,0.0,0.0,0.0,0.0,0.0,0.0,0.0,0.0,0.0,0.0,0.0,0.0,0.0,0.0,0.0,0.0,0.0,0.0,0.0,0.0,0.0,0.0,0.0,0.0,0.0,0.0,0.0,0.0,0.0
rcpt/gift_matrix.app,0.0,0.0,0.0,0.0,0.2,0.0,0.0,0.0,0.0,0.0,0.0,0.0,0.4,0.0,0.0,0.0,0.0,0.0,0.0,0.0,0.0,0.0,0.0,0.0,0.0,0.0,0.0,0.0,0.0,0.0,0.0,0.0,0.0,0.0,0.0,0.0,0.0,0.0,0.0,0.0,0.0,0.0,0.0,0.0,0.0,0.0,0.0,0.0,0.0,0.0,0.0,0.0,0.0,0.0,0.0,0.2,0.0,0.0,0.0,0.0,0.0,0.0,0.0,0.0,0.0,0.0,0.0,0.0,0.0,0.0,0.0,0.0,0.0,0.0,0.0,0.0,0.0,0.0,0.0,0.0,0.0,0.0,0.0,0.0,0.2,0.0,0.0,0.0,0.0,0.0,0.0,0.0,0.0,0.0,0.0,0.0,0.0,0.0,0.0,0.0,0.0,0.0
rcpt/monthly_gift_list.app,0.0,0.0,0.3333333333333333,0.0,0.0,0.0,0.0,0.0,0.0,0.0,0.0,0.0,0.0,0.0,0.0,0.3333333333333333,0.0,0.0,0.0,0.0,0.0,0.0,0.0,0.0,0.0,0.0,0.0,0.0,0.0,0.0,0.0,0.0,0.0,0.0,0.0,0.0,0.0,0.0,0.0,0.0,0.0,0.0,0.0,0.0,0.0,0.0,0.0,0.0,0.0,0.0,0.0,0.0,0.0,0.0,0.0,0.0,0.0,0.0,0.0,0.0,0.0,0.0,0.0,0.0,0.0,0.0,0.0,0.0,0.0,0.0,0.0,0.0,0.0,0.0,0.0,0.0,0.0,0.0,0.0,0.0,0.0,0.0,0.0,0.0,0.0,0.0,0.3333333333333333,0.0,0.0,0.0,0.0,0.0,0.0,0.0,0.0,0.0,0.0,0.0,0.0,0.0,0.0,0.0
base/map.app,0.125,0.0,0.375,0.0,0.0,0.125,0.0,0.0,0.0,0.0,0.0,0.0,0.125,0.0,0.0,0.0,0.0,0.0,0.0,0.0,0.125,0.0,0.0,0.0,0.0,0.0,0.0,0.0,0.0,0.0,0.0,0.0,0.0,0.0,0.0,0.0,0.0,0.0,0.0,0.0,0.0,0.0,0.0,0.0,0.0,0.0,0.0,0.0,0.0,0.0,0.0,0.0,0.0,0.0,0.0,0.0,0.0,0.0,0.0,0.0,0.0,0.0,0.0,0.0,0.0,0.0,0.0,0.0,0.0,0.0,0.0,0.0,0.0,0.0,0.0,0.0,0.0,0.0,0.0,0.0,0.0,0.0,0.0,0.0,0.0,0.0,0.0,0.0,0.0,0.0,0.0,0.0,0.0,0.0,0.0,0.0,0.0,0.125,0.0,0.0,0.0,0.0
rcpt/pledges.app,0.07017543859649122,0.0,0.17543859649122806,0.017543859649122806,0.05263157894736842,0.05263157894736842,0.03508771929824561,0.0,0.0,0.08771929824561403,0.0,0.03508771929824561,0.0,0.0,0.017543859649122806,0.0,0.08771929824561403,0.017543859649122806,0.0,0.0,0.0,0.0,0.0,0.03508771929824561,0.0,0.0,0.0,0.0,0.0,0.08771929824561403,0.0,0.0,0.017543859649122806,0.0,0.017543859649122806,0.0,0.0,0.0,0.0,0.0,0.017543859649122806,0.0,0.0,0.0,0.0,0.0,0.0,0.0,0.0,0.0,0.0,0.0,0.0,0.0,0.0,0.0,0.0,0.0,0.0,0.0,0.0,0.0,0.0,0.0,0.0,0.0,0.03508771929824561,0.0,0.0,0.0,0.017543859649122806,0.0,0.0,0.0,0.0,0.0,0.0,0.0,0.0,0.0,0.05263157894736842,0.05263157894736842,0.0,0.0,0.0,0.0,0.0,0.0,0.0,0.0,0.0,0.0,0.0,0.0,0.0,0.0,0.0,0.017543859649122806,0.0,0.0,0.0,0.0
lightsys/fund_settlement.app,0.0,0.0,0.0,0.0,0.0,0.0,0.0,0.0,0.0,0.0,0.0,0.0,0.0,0.0,0.0,0.0,0.0,0.0,0.0,0.05555555555555555,0.0,0.0,0.05555555555555555,0.0,0.0,0.0,0.0,0.0,0.0,0.0,0.0,0.0,0.0,0.2777777777777778,0.0,0.0,0.0,0.0,0.0,0.0,0.0,0.0,0.0,0.0,0.05555555555555555,0.0,0.1111111111111111,0.0,0.0,0.0,0.0,0.2222222222222222,0.0,0.0,0.0,0.0,0.0,0.0,0.0,0.0,0.0,0.05555555555555555,0.0,0.0,0.0,0.0,0.0,0.0,0.0,0.0,0.0,0.0,0.0,0.0,0.0,0.0,0.0,0.0,0.0,0.0,0.0,0.05555555555555555,0.0,0.0,0.0,0.0,0.0,0.0,0.05555555555555555,0.0,0.0,0.0,0.05555555555555555,0.0,0.0,0.0,0.0,0.0,0.0,0.0,0.0,0.0
mportal/manage.app,0.0196078431372549,0.0,0.1568627450980392,0.0,0.0392156862745098,0.13725490196078433,0.0392156862745098,0.0,0.0,0.0,0.0,0.0,0.0196078431372549,0.0196078431372549,0.0,0.0,0.0784313725490196,0.0,0.0,0.0,0.0,0.0,0.0,0.0,0.0392156862745098,0.0392156862745098,0.0,0.0,0.0,0.0196078431372549,0.0,0.0196078431372549,0.0,0.09803921568627451,0.0,0.0,0.0392156862745098,0.0,0.0196078431372549,0.0,0.0,0.0,0.0,0.0,0.0196078431372549,0.0196078431372549,0.0,0.0,0.0,0.0,0.0,0.058823529411764705,0.0,0.0,0.0,0.0,0.0196078431372549,0.0,0.0,0.0,0.0,0.0,0.0,0.0,0.0196078431372549,0.0,0.0,0.0196078431372549,0.0,0.0,0.0,0.0,0.0,0.0,0.0,0.0,0.0,0.0,0.0,0.0,0.0,0.058823529411764705,0.0,0.0,0.0,0.0,0.0,0.0,0.0,0.0,0.0,0.0,0.0,0.0,0.0,0.0,0.0,0.0,0.0,0.0,0.0,0.0
payroll/tax_table.app,0.0,0.0,0.0,0.0,0.0,0.0,0.0,0.0,0.0,0.0,0.0,0.0,0.0,0.0,0.0,0.0,0.0,0.0,0.0,0.0,0.0,0.0,0.0,0.0,0.0,0.0,0.0,0.0,0.0,0.0,0.0,0.0,0.0,0.0,0.0,0.0,0.0,0.0,0.0,0.0,0.0,0.0,0.0,0.0,0.0,0.0,0.0,0.0,0.0,0.0,0.0,0.0,0.0,0.0,0.0,0.0,0.0,0.0,0.0,0.0,0.0,0.0,0.0,0.0,0.0,0.0,0.0,0.0,0.0,0.0,0.25,0.0,0.0,0.0,0.0,0.0,0.0,0.0,0.0,0.0,0.0,0.25,0.0,0.0,0.0,0.0,0.0,0.0,0.0,0.0,0.0,0.0,0.0,0.0,0.0,0.0,0.0,0.25,0.0,0.25,0.0,0.0
base/edit_table.app,0.0,0.0,0.0,0.0,0.0,0.0,0.0,0.0,0.0,0.0,0.0,0.0,0.0,0.0,0.0,0.0,0.0,0.0,0.0,0.0,0.0,0.0,0.0,0.2,0.0,0.0,0.0,0.0,0.0,0.0,0.0,0.0,0.0,0.0,0.0,0.0,0.0,0.0,0.0,0.0,0.0,0.0,0.0,0.0,0.0,0.0,0.0,0.0,0.0,0.2,0.0,0.0,0.0,0.0,0.0,0.0,0.0,0.0,0.0,0.0,0.0,0.0,0.0,0.0,0.0,0.0,0.0,0.0,0.0,0.0,0.0,0.2,0.0,0.2,0.0,0.0,0.0,0.0,0.0,0.0,0.0,0.0,0.0,0.0,0.0,0.0,0.0,0.0,0.0,0.0,0.0,0.0,0.0,0.0,0.0,0.0,0.0,0.2,0.0,0.0,0.0,0.0
task/dashboard.app,0.0,0.0,0.0,0.0,0.0,1.0,0.0,0.0,0.0,0.0,0.0,0.0,0.0,0.0,0.0,0.0,0.0,0.0,0.0,0.0,0.0,0.0,0.0,0.0,0.0,0.0,0.0,0.0,0.0,0.0,0.0,0.0,0.0,0.0,0.0,0.0,0.0,0.0,0.0,0.0,0.0,0.0,0.0,0.0,0.0,0.0,0.0,0.0,0.0,0.0,0.0,0.0,0.0,0.0,0.0,0.0,0.0,0.0,0.0,0.0,0.0,0.0,0.0,0.0,0.0,0.0,0.0,0.0,0.0,0.0,0.0,0.0,0.0,0.0,0.0,0.0,0.0,0.0,0.0,0.0,0.0,0.0,0.0,0.0,0.0,0.0,0.0,0.0,0.0,0.0,0.0,0.0,0.0,0.0,0.0,0.0,0.0,0.0,0.0,0.0,0.0,0.0
gl/inc_exp_balance.app,0.0,0.07692307692307693,0.038461538461538464,0.0,0.038461538461538464,0.038461538461538464,0.0,0.0,0.0,0.0,0.0,0.0,0.07692307692307693,0.0,0.0,0.0,0.0,0.0,0.0,0.0,0.0,0.0,0.0,0.0,0.0,0.0,0.0,0.0,0.0,0.038461538461538464,0.0,0.0,0.0,0.0,0.0,0.0,0.0,0.0,0.0,0.0,0.0,0.038461538461538464,0.0,0.0,0.07692307692307693,0.15384615384615385,0.038461538461538464,0.0,0.0,0.0,0.0,0.0,0.0,0.0,0.0,0.19230769230769232,0.07692307692307693,0.0,0.0,0.0,0.0,0.0,0.0,0.0,0.0,0.0,0.0,0.038461538461538464,0.0,0.0,0.0,0.0,0.0,0.0,0.0,0.0,0.0,0.0,0.0,0.0,0.0,0.07692307692307693,0.0,0.0,0.0,0.0,0.0,0.0,0.0,0.0,0.0,0.0,0.0,0.0,0.0,0.0,0.0,0.0,0.0,0.0,0.0,0.0
system/security_permissions.app,0.0,0.0,0.0,0.0,0.0,1.0,0.0,0.0,0.0,0.0,0.0,0.0,0.0,0.0,0.0,0.0,0.0,0.0,0.0,0.0,0.0,0.0,0.0,0.0,0.0,0.0,0.0,0.0,0.0,0.0,0.0,0.0,0.0,0.0,0.0,0.0,0.0,0.0,0.0,0.0,0.0,0.0,0.0,0.0,0.0,0.0,0.0,0.0,0.0,0.0,0.0,0.0,0.0,0.0,0.0,0.0,0.0,0.0,0.0,0.0,0.0,0.0,0.0,0.0,0.0,0.0,0.0,0.0,0.0,0.0,0.0,0.0,0.0,0.0,0.0,0.0,0.0,0.0,0.0,0.0,0.0,0.0,0.0,0.0,0.0,0.0,0.0,0.0,0.0,0.0,0.0,0.0,0.0,0.0,0.0,0.0,0.0,0.0,0.0,0.0,0.0,0.0
/lightsys/TableMaintenance.app,0.0,0.0,0.0,0.0,0.0,0.0,0.0,0.0,0.0,0.0,0.0,0.0,0.0,0.0,0.0,0.0,0.0,0.0,0.0,0.0,0.0,0.0,0.0,0.0,0.0,0.0,0.0,0.0,0.0,0.0,0.0,0.0,0.0,0.0,0.0,0.0,0.0,0.0,0.0,0.0,0.0,0.0,0.0,0.0,0.0,0.0,0.0,0.0,0.0,0.0,0.0,0.0,0.0,0.0,0.0,0.0,0.0,0.0,0.0,0.0,0.0,0.0,0.0,0.0,0.0,0.0,0.0,0.0,0.0,0.0,0.0,0.0,0.0,0.0,0.0,0.0,0.0,0.0,0.0,0.0,0.0,1.0,0.0,0.0,0.0,0.0,0.0,0.0,0.0,0.0,0.0,0.0,0.0,0.0,0.0,0.0,0.0,0.0,0.0,0.0,0.0,0.0
payroll/pay_detail_by_payee.app,0.0,0.0,0.0,0.125,0.0,0.0,0.0,0.0,0.0,0.0,0.0,0.0,0.0,0.0,0.0,0.0,0.0,0.0,0.0,0.0,0.0,0.0,0.0,0.0,0.875,0.0,0.0,0.0,0.0,0.0,0.0,0.0,0.0,0.0,0.0,0.0,0.0,0.0,0.0,0.0,0.0,0.0,0.0,0.0,0.0,0.0,0.0,0.0,0.0,0.0,0.0,0.0,0.0,0.0,0.0,0.0,0.0,0.0,0.0,0.0,0.0,0.0,0.0,0.0,0.0,0.0,0.0,0.0,0.0,0.0,0.0,0.0,0.0,0.0,0.0,0.0,0.0,0.0,0.0,0.0,0.0,0.0,0.0,0.0,0.0,0.0,0.0,0.0,0.0,0.0,0.0,0.0,0.0,0.0,0.0,0.0,0.0,0.0,0.0,0.0,0.0,0.0
system/scanner_types.app,0.0,0.0,0.2857142857142857,0.0,0.0,0.07142857142857142,0.0,0.21428571428571427,0.0,0.0,0.0,0.0,0.0,0.0,0.0,0.0,0.0,0.0,0.0,0.0,0.0,0.0,0.0,0.0,0.0,0.0,0.0,0.0,0.0,0.0,0.0,0.0,0.0,0.07142857142857142,0.0,0.0,0.0,0.0,0.0,0.0,0.0,0.0,0.0,0.0,0.0,0.0,0.0,0.0,0.0,0.0,0.0,0.0,0.0,0.0,0.0,0.0,0.0,0.07142857142857142,0.0,0.0,0.0,0.0,0.0,0.0,0.0,0.0,0.0,0.0,0.0,0.0,0.0,0.0,0.0,0.0,0.0,0.0,0.0,0.0,0.0,0.0,0.07142857142857142,0.14285714285714285,0.0,0.0,0.0,0.0,0.0,0.0,0.0,0.0,0.0,0.0,0.0,0.0,0.0,0.0,0.0,0.07142857142857142,0.0,0.0,0.0,0.0
base/data_qa.app,0.33695652173913043,0.010869565217391304,0.03260869565217391,0.0,0.15217391304347827,0.03260869565217391,0.0,0.0,0.0,0.010869565217391304,0.0,0.0,0.010869565217391304,0.021739130434782608,0.0,0.0,0.0,0.0,0.0,0.0,0.0,0.0,0.0,0.010869565217391304,0.0,0.0,0.0,0.0,0.010869565217391304,0.021739130434782608,0.0,0.0,0.0,0.021739130434782608,0.0,0.0,0.0,0.0,0.0,0.0,0.0,0.0,0.0,0.0,0.0,0.0,0.0,0.0,0.0,0.0,0.0,0.0,0.0,0.0,0.0,0.0,0.0,0.0,0.0,0.0,0.0,0.0,0.0,0.0,0.010869565217391304,0.0,0.0,0.0,0.0,0.0,0.0,0.0,0.010869565217391304,0.0,0.0,0.0,0.0,0.0,0.0,0.010869565217391304,0.010869565217391304,0.21739130434782608,0.0,0.0,0.0,0.010869565217391304,0.010869565217391304,0.0,0.0,0.0,0.0,0.0,0.0,0.0,0.0,0.0,0.0,0.0,0.0,0.0,0.043478260869565216,0.0
gl/trial_balance_ctl.app,0.0,0.0,0.0,0.0,0.0,0.0,0.0,0.0,0.0,0.0,0.0,0.0,0.0,0.0,0.0,0.0,0.0,0.0,0.0,0.0,0.0,0.0,0.0,0.0,0.0,0.0,0.0,0.0,0.0,0.0,0.0,0.0,0.0,0.0,0.0,0.0,0.0,0.0,0.0,0.0,0.0,0.0,0.0,0.0,0.0,0.0,0.0,0.0,0.0,0.0,0.0,0.0,0.0,0.0,0.0,0.0,0.0,0.0,0.0,0.0,0.0,0.0,0.0,0.0,0.0,0.0,0.0,0.0,0.0,0.0,0.0,0.0,0.0,0.0,0.0,0.0,0.0,0.0,0.0,0.0,0.0,0.0,0.0,0.0,0.0,0.0,0.0,0.0,0.0,0.0,0.0,0.0,0.0,0.0,0.0,0.0,0.0,1.0,0.0,0.0,0.0,0.0
payroll/pay_detail.app,0.0,0.0,0.0,0.0,0.0,0.0,0.0,0.0,0.0,0.0,0.0,0.0,0.0,0.0,0.0,0.0,0.0,0.0,0.0,0.0,0.0,0.0,0.0,0.0,0.0,0.0,0.0,0.0,0.0,0.0,0.0,0.0,0.0,0.0,0.0,0.0,0.0,0.0,0.0,0.0,0.0,0.0,0.0,0.0,0.0,0.0,0.0,0.0,0.0,0.0,0.0,0.0,0.0,0.0,0.0,0.0,0.0,0.0,0.0,0.0,0.0,0.0,0.0,0.0,0.0,0.0,0.0,0.0,0.0,0.0,0.5,0.0,0.0,0.0,0.0,0.0,0.0,0.0,0.0,0.0,0.0,0.0,0.0,0.0,0.0,0.0,0.0,0.0,0.0,0.5,0.0,0.0,0.0,0.0,0.0,0.0,0.0,0.0,0.0,0.0,0.0,0.0
crm/profile.app,0.0,0.0,0.25,0.0,0.0,0.0,0.0,0.0,0.0,0.0,0.0,0.0,0.0,0.0,0.0,0.0,0.0,0.0,0.0,0.0,0.0,0.0,0.0,0.0,0.0,0.0,0.0,0.0,0.0,0.0,0.0,0.0,0.0,0.0,0.0,0.0,0.0,0.0,0.0,0.0,0.0,0.0,0.0,0.0,0.0,0.0,0.0,0.0,0.0,0.0,0.0,0.0,0.0,0.0,0.0,0.0,0.0,0.0,0.0,0.0,0.0,0.0,0.0,0.0,0.0,0.0,0.0,0.0,0.0,0.0,0.0,0.0,0.0,0.0,0.0,0.0,0.0,0.0,0.0,0.25,0.0,0.0,0.0,0.0,0.0,0.0,0.0,0.0,0.0,0.0,0.0,0.0,0.0,0.0,0.0,0.0,0.0,0.5,0.0,0.0,0.0,0.0
system/motd_edit.app,0.0,0.0,0.0,0.0,0.0,0.0,1.0,0.0,0.0,0.0,0.0,0.0,0.0,0.0,0.0,0.0,0.0,0.0,0.0,0.0,0.0,0.0,0.0,0.0,0.0,0.0,0.0,0.0,0.0,0.0,0.0,0.0,0.0,0.0,0.0,0.0,0.0,0.0,0.0,0.0,0.0,0.0,0.0,0.0,0.0,0.0,0.0,0.0,0.0,0.0,0.0,0.0,0.0,0.0,0.0,0.0,0.0,0.0,0.0,0.0,0.0,0.0,0.0,0.0,0.0,0.0,0.0,0.0,0.0,0.0,0.0,0.0,0.0,0.0,0.0,0.0,0.0,0.0,0.0,0.0,0.0,0.0,0.0,0.0,0.0,0.0,0.0,0.0,0.0,0.0,0.0,0.0,0.0,0.0,0.0,0.0,0.0,0.0,0.0,0.0,0.0,0.0
